ingredient,Biotin,"Calcium, Ca","Carbohydrate, by difference",Cholesterol,"Choline, total","Copper, Cu","Fatty acids, total saturated","Fiber, total dietary","Folate, total","Iron, Fe","Magnesium, Mg","Manganese, Mn","Molybdenum, Mo",Niacin,Pantothenic acid,"Phosphorus, P","Potassium, K",Protein,Riboflavin,"Selenium, Se","Sodium, Na",Thiamin,Total lipid (fat),"Vitamin A, IU",Vitamin B-12,Vitamin B-6,"Vitamin C, total ascorbic acid",Vitamin D (D2 + D3),Vitamin E (alpha-tocopherol),Vitamin K (phylloquinone),"Zinc, Zn"
almond,0.0,0.26692307692307693,0.06836363636363636,0.0,0.09472727272727273,1.037777777777778,0.3275,0.3678571428571429,0.1325,0.1938888888888889,0.6642857142857143,0.0,0.0,0.1975,0.0,0.4064,0.15914893617021278,0.42,0.7223076923076922,0.04363636363636363,0.09869565217391305,0.03416666666666667,0.7115384615384616,0.0,0.0,0.060588235294117644,0.0,0.0,1.6133333333333333,0.0,0.2990909090909091
anchovy,0.0,0.17846153846153845,0.0,0.2833333333333333,0.15454545454545454,0.3766666666666667,0.11000000000000001,0.0,0.0325,0.25722222222222224,0.16428571428571428,0.0,0.0,1.24375,0.0,0.2016,0.11574468085106383,0.578,0.2792307692307692,1.238181818181818,1.5956521739130434,0.065,0.1244871794871795,0.0,0.3666666666666667,0.11941176470588237,0.0,0.08499999999999999,0.222,0.10083333333333333,0.2218181818181818
anise,0.0,0.4969230769230769,0.18181818181818182,0.0,0.0,1.011111111111111,0.0293,0.5214285714285715,0.025,2.0555555555555554,0.40476190476190477,1.0,0.0,0.19125,0.15940000000000001,0.352,0.30638297872340425,0.35200000000000004,0.22307692307692306,0.09090909090909091,0.006956521739130435,0.2833333333333334,0.20384615384615384,0.34555555555555556,0.0,0.3823529411764706,0.23333333333333334,0.0,0.0,0.0,0.4818181818181818
apple,0.0,0.0,0.052000000000000005,0.0,0.0,0.0,0.0,0.1142857142857143,0.0,0.012777777777777779,0.0,0.0,0.0,0.0,0.0,0.0,0.023404255319148935,0.0,0.0,0.0,0.0,0.0,0.008333333333333333,0.07222222222222222,0.0,0.0,0.034444444444444444,0.0,0.0,0.0,0.0
apricot,0.0,0.0,0.04909090909090909,0.0,0.0,0.0,0.0,0.0,0.0,0.0,0.0,0.0,0.0,0.0,0.0,0.0,0.015106382978723404,0.0,0.0,0.0,0.0026086956521739132,0.0,0.0,0.4088888888888889,0.0,0.0,0.19555555555555557,0.0,0.0,0.0,0.0
artichoke,0.0,0.0,0.01210909090909091,0.0,0.0,0.0,0.08349999999999999,0.060714285714285714,0.0,0.03333333333333333,0.0,0.0,0.0,0.0,0.0,0.0,0.0,0.0334,0.0,0.0,0.13043478260869565,0.0,0.08551282051282051,1.8555555555555556,0.0,0.0,0.0,0.0,0.0,0.0,0.0
arugula,0.0,0.13538461538461538,0.012836363636363635,0.0,0.0,0.0,0.0,0.04285714285714286,0.0,0.07055555555555555,0.0,0.0,0.0,0.0,0.0,0.0,0.0,0.047,0.0,0.0,0.012608695652173913,0.0,0.007564102564102564,2.611111111111111,0.0,0.0,0.15666666666666668,0.0,0.0,0.0,0.0
asian pear,0.0,0.003076923076923077,0.03854545454545454,0.0,0.009272727272727273,0.05555555555555556,0.0006000000000000001,0.1285714285714286,0.02,0.0,0.01904761904761905,0.0,0.0,0.0136875,0.0,0.0088,0.02574468085106383,0.01,0.007692307692307692,0.0018181818181818182,0.0,0.0075,0.002948717948717949,0.0,0.0,0.012941176470588235,0.042222222222222223,0.0,0.008,0.0375,0.0018181818181818182
asparagus,0.0,0.018461538461538463,0.012836363636363635,0.0,0.0,0.0,0.0,0.08571428571428572,0.0,0.11777777777777779,0.0,0.0,0.0,0.0,0.0,0.0,0.04297872340425532,0.047,0.0,0.0,0.0,0.0,0.0,0.0,0.0,0.0,0.06555555555555556,0.0,0.0,0.0,0.0
avocado,0.0,0.026153846153846153,0.026763636363636364,0.13333333333333333,0.006545454545454545,0.011111111111111112,0.29900000000000004,0.0035714285714285718,0.01,0.019444444444444445,0.016666666666666666,0.0,0.0,0.00875,0.0,0.0248,0.012340425531914894,0.038,0.038461538461538464,0.02909090909090909,0.3769565217391304,0.016666666666666666,0.555128205128205,0.0,0.10833333333333334,0.0058823529411764705,0.0022222222222222222,0.0,0.30666666666666664,0.8058333333333334,0.022727272727272728
bacon,0.0,0.0,0.0,0.12,0.0,0.0,0.7150000000000001,0.0,0.0,0.14277777777777778,0.0,0.0,0.0,0.0,0.0,0.0,0.0,0.7140000000000001,0.0,0.0,0.8695652173913043,0.0,0.45769230769230773,0.0,0.0,0.0,0.0,0.0,0.0,0.0,0.0
banana,0.0,0.09615384615384616,0.14763636363636365,0.0,0.0,0.0,0.0,0.22142857142857145,0.0,0.06222222222222223,0.0,0.0,0.0,0.0,0.0,0.0,0.0,0.25,0.0,0.0,0.2582608695652174,0.0,0.08012820512820513,0.0,0.0,0.0,0.16666666666666666,0.0,0.0,0.0,0.0
barley,0.0,0.0,0.0,0.0,0.0,0.0,0.0,0.0,0.0,0.0,0.0,0.0,0.0,0.0,0.0,0.0,0.0,0.0,0.0,0.0,0.0,0.0,0.0,0.0,0.0,0.0,0.0,0.0,0.0,0.0,0.0
basil,0.0,0.0,0.0,0.0,0.0,0.0,0.0,0.0,0.0,0.0,0.0,0.0,0.0,0.0,0.0,0.0,0.0,0.0,0.0,0.0,0.0,0.0,0.0,0.0,0.0,0.0,0.0,0.0,0.0,0.0,0.0
bass,0.0,0.011538461538461539,0.014618181818181817,0.07666666666666666,0.06672727272727273,0.03,0.08,0.02142857142857143,0.02,0.020555555555555556,0.06428571428571428,0.0,0.0,0.06375,0.0,0.0976,0.042340425531914895,0.22,0.06076923076923077,0.38909090909090904,0.2291304347826087,0.06083333333333333,0.1358974358974359,0.0,0.0625,0.1423529411764706,0.023333333333333334,0.16,0.12200000000000001,0.04916666666666667,0.026363636363636363
bean,0.0,0.02,0.05781818181818182,0.0,0.029636363636363638,0.2177777777777778,0.02645,0.17500000000000002,0.0525,0.08888888888888889,0.09523809523809523,0.0,0.0,0.026875,0.0,0.084,0.07829787234042553,0.10880000000000001,0.07692307692307693,0.14,0.19260869565217392,0.075,0.04743589743589744,0.0,0.0,0.06764705882352942,0.006666666666666666,0.0,0.06066666666666667,0.014166666666666666,0.06272727272727273
beef,0.0,0.0,0.0,0.17666666666666667,0.0,0.0,0.20600000000000002,0.0,0.0,0.23555555555555557,0.0,0.0,0.0,0.0,0.0,0.0,0.0,0.4,0.0,0.0,0.09217391304347826,0.0,0.07538461538461538,0.0,0.0,0.0,0.0,0.0,0.0,0.0,0.0
beef rib,0.0,0.011538461538461539,0.0,0.19,0.0,0.05222222222222222,0.12250000000000001,0.0,0.0,0.10111111111111111,0.047619047619047616,0.0026086956521739132,0.0,0.269375,0.0586,0.1472,0.07170212765957447,0.426,0.06923076923076922,0.05272727272727273,0.023478260869565216,0.025,0.08692307692307692,0.028888888888888888,0.4875,0.15,0.0,0.01,0.04933333333333333,0.0,0.3590909090909091
beef shank,0.0,0.015384615384615385,0.0,0.13,0.0,0.07888888888888888,0.064,0.0,0.02,0.1288888888888889,0.03333333333333333,0.006086956521739131,0.0,0.35875,0.06999999999999999,0.1632,0.0823404255319149,0.436,0.1692307692307692,0.3218181818181818,0.027391304347826086,0.08333333333333334,0.04935897435897436,0.0,1.3875000000000002,0.27647058823529413,0.0,0.0,0.0,0.0,0.630909090909091
beef tenderloin,0.0,0.0,0.0,0.17,0.0,0.0,0.177,0.0,0.0,0.12611111111111112,0.0,0.0,0.0,0.0,0.0,0.0,0.0,0.414,0.0,0.0,0.027391304347826086,0.0,0.09717948717948718,0.0,0.0,0.0,0.0,0.0,0.0,0.0,0.0
beet,0.0,0.008461538461538461,0.059272727272727276,0.0,0.02727272727272727,0.1288888888888889,0.00065,0.028571428571428574,0.0675,0.022777777777777775,0.03571428571428571,0.0,0.0,0.0156875,0.0,0.0136,0.02446808510638298,0.016,0.03692307692307692,0.01818181818181818,0.06478260869565218,0.008333333333333333,0.0010256410256410256,0.0,0.0,0.029411764705882356,0.025555555555555554,0.0,0.004,0.0025,0.023636363636363636
bell pepper,0.0,0.0057692307692307696,0.017381818181818182,0.0,0.0,0.06422222222222222,0.0,0.03364285714285714,0.0555,0.010333333333333333,0.02142857142857143,0.043434782608695655,0.0,0.03975,0.0,0.01344,0.03468085106382979,0.0143,0.0683076923076923,0.0,0.0,0.03258333333333334,0.001358974358974359,0.0,0.0,0.14529411764705882,1.1055555555555556,0.0,0.0,0.0,0.011454545454545455
berry,0.0,0.01,0.03534545454545455,0.0,0.010545454545454545,0.056666666666666664,0.00095,0.075,0.0475,0.020555555555555556,0.02619047619047619,0.0,0.0,0.02475,0.0,0.016,0.027659574468085105,0.0138,0.021538461538461538,0.005454545454545454,0.0004347826086956522,0.023333333333333334,0.0039743589743589745,0.0,0.0,0.02823529411764706,0.49,0.0,0.024666666666666667,0.06083333333333333,0.013636363636363636
biscuit,0.0,0.3076923076923077,0.12109090909090908,0.17666666666666667,0.0,0.0,0.5349999999999999,0.04642857142857143,0.0,0.13333333333333333,0.0,0.0,0.0,0.0,0.0,0.0,0.0,0.16,0.0,0.0,0.24347826086956523,0.0,0.2564102564102564,0.7411111111111112,0.0,0.0,0.0,0.0,0.0,0.0,0.0
blackberry,0.0,0.0015384615384615385,0.018036363636363635,0.0,0.0,0.0,0.0,0.060714285714285714,0.0,2.3333333333333335,0.0,0.0,0.0,0.0,0.0,0.0,0.0,0.0116,0.0,0.0,0.0,0.0,0.003717948717948718,0.11888888888888889,0.0,0.0,0.08888888888888889,0.0,0.0,0.0,0.0
blue cheese,0.0,0.4123076923076923,0.012981818181818181,0.23666666666666666,0.0,0.0,0.8949999999999999,0.1285714285714286,0.0,0.0,0.0,0.0,0.0,0.0,0.0,0.0,0.0,0.428,0.0,0.0,0.591304347826087,0.0,0.3666666666666667,1.1888888888888889,0.0,0.0,0.0,0.0,0.0,0.0,0.0
blueberry,0.0,0.0,0.23636363636363636,0.0,0.0,0.0,0.0,0.0,0.0,0.0,0.0,0.0,0.0,0.0,0.0,0.0,0.0,0.0,0.0,0.0,0.0,0.0,0.0,0.0,0.0,0.0,0.0,0.0,0.0,0.0,0.0
bok choy,0.0,0.08153846153846153,0.006436363636363637,0.0,0.0,0.0,0.0,0.03214285714285715,0.0,0.04888888888888889,0.0,0.0,0.0,0.0,0.0,0.0,0.054680851063829784,0.0354,0.0,0.0,0.028695652173913042,0.0,0.0,0.0,0.0,0.0,0.5011111111111112,0.0,0.0,0.0,0.0
bran,0.0,0.07307692307692308,0.16218181818181818,0.0,0.04818181818181818,0.24,0.06949999999999999,0.1357142857142857,0.2775,0.21944444444444444,0.10476190476190476,0.0,0.0,0.279375,0.0,0.0976,0.03404255319148936,0.192,0.23846153846153845,0.5781818181818182,0.1991304347826087,0.38583333333333336,0.07692307692307693,0.0,0.004166666666666667,0.05411764705882353,0.0,0.0,0.004666666666666667,0.025833333333333333,0.09545454545454546
bread,0.0,0.0,0.20109090909090907,0.0,0.0,0.0,0.0,0.09285714285714286,0.0,0.05277777777777778,0.0,0.0,0.0,0.0,0.0,0.0,0.0,0.1578,0.0,0.0,0.24043478260869566,0.0,0.0,0.0,0.0,0.0,0.0,0.0,0.0,0.0,0.0
breadcrumbs,0.0,0.0,0.0,0.0,0.0,0.0,0.0,0.0,0.0,0.0,0.0,0.0,0.0,0.0,0.0,0.0,0.0,0.0,0.0,0.0,0.0,0.0,0.0,0.0,0.0,0.0,0.0,0.0,0.0,0.0,0.0
brie,0.0,269.2307692307692,0.0,0.3566666666666667,0.0,0.0,1.0699999999999998,0.0,0.0,0.19833333333333333,0.0,0.0,0.0,0.0,0.0,0.0,0.0,0.358,0.0,0.0,0.31043478260869567,0.0,0.4115384615384616,0.9922222222222222,0.0,0.0,0.0,0.0,0.0,0.0,0.0
brine,0.0,0.01769230769230769,0.0,0.3566666666666667,0.0,0.0,0.3485,0.0,0.0,0.25,0.0,0.0,0.0,0.7375,0.0,0.0,0.14893617021276595,0.7979999999999999,0.2153846153846154,0.0,0.30130434782608695,0.05,0.38461538461538464,0.5855555555555556,0.0,0.0,0.0,0.0,0.0,0.0,0.0
brisket,0.0,0.005384615384615384,0.0,0.30666666666666664,0.18363636363636363,0.11888888888888888,0.3735,0.0,0.0175,0.13944444444444443,0.05,0.0,0.0,0.20875,0.0,0.1712,0.054680851063829784,0.532,0.1523076923076923,0.42000000000000004,0.16826086956521738,0.05750000000000001,0.2487179487179487,0.0,1.0125000000000002,0.15764705882352942,0.0,0.015,0.012666666666666666,0.015000000000000001,0.5372727272727272
broccoli,0.0,0.031538461538461536,0.019672727272727272,0.0,0.0,0.0,0.0,0.07142857142857142,0.0,0.04055555555555555,0.0,0.0,0.0,0.0,0.0,0.0,0.0,0.054000000000000006,0.0,0.0,0.023478260869565216,0.0,0.00435897435897436,0.22555555555555556,0.0,0.0,0.9911111111111112,0.0,0.0,0.0,0.0
broccoli rabe,0.0,0.06153846153846154,0.017127272727272727,0.0,0.0,0.0,0.0,0.08571428571428572,0.0,0.06555555555555555,0.0,0.0,0.0,0.0,0.0,0.0,0.07319148936170213,0.047,0.0,0.0,0.017826086956521738,0.0,0.0,0.0,0.0,0.0,0.0,0.0,0.0,0.0,0.0
brown rice,0.0,0.007692307692307693,0.2770909090909091,0.0,0.0,0.0,0.0,0.17142857142857143,0.0,0.1322222222222222,0.0,0.0,0.0,0.0,0.0,0.0,0.05319148936170213,0.14279999999999998,0.0,0.0,0.0,0.0,0.04576923076923077,0.0,0.0,0.0,0.0,0.0,0.0,0.0,0.0
brussel sprout,0.0,0.03230769230769231,0.032545454545454544,0.0,0.03472727272727273,0.07777777777777778,0.0031,0.1357142857142857,0.1525,0.07777777777777778,0.05476190476190476,0.0,0.0,0.0465625,0.0,0.0552,0.08276595744680851,0.0676,0.06923076923076922,0.02909090909090909,0.010869565217391304,0.11583333333333334,0.003846153846153846,0.0,0.0,0.1288235294117647,0.9444444444444444,0.0,0.058666666666666666,1.475,0.03818181818181818
bulgur,0.0,0.03461538461538462,0.24363636363636362,0.0,0.0,0.0,0.028499999999999998,0.2857142857142857,0.0,0.0911111111111111,0.0,0.0,0.0,0.0,0.0,0.0,0.0,0.25,0.0,0.0,0.004782608695652174,0.0,0.029102564102564104,0.0,0.0,0.0,0.0,0.0,0.0,0.0,0.0
butter,0.0,0.018461538461538463,0.008545454545454545,0.0,0.0,0.0,0.0,0.04285714285714286,0.0,0.07055555555555555,0.0,0.0,0.0,0.0,0.0,0.0,0.0,0.0236,0.0,0.0,0.0,0.0,0.0,3.922222222222222,0.0,0.0,0.04666666666666667,0.0,0.0,0.0,0.0
buttermilk,0.0,0.09615384615384616,0.01970909090909091,0.013333333333333334,0.0,0.0,0.020999999999999998,0.0,0.0,0.0,0.0,0.0,0.0,0.0,0.0,0.0,0.0,0.0666,0.0,0.0,0.07434782608695652,0.0,0.005384615384615384,0.2311111111111111,0.0,0.0,0.0,0.0,0.0,0.0,0.0
butternut squash,0.0,0.036153846153846154,0.04290909090909091,0.0,0.0,0.0,0.0,0.08571428571428572,0.0,0.04722222222222222,0.0,0.0,0.0,0.0,0.0,0.0,0.0,0.0236,0.0,0.0,0.0,0.0,0.0,11.777777777777779,0.0,0.0,0.23555555555555555,0.0,0.0,0.0,0.0
butterscotch,0.0,0.0,0.26654545454545453,0.0,0.0,0.0,1.165,0.0,0.0,0.0,0.0,0.0,0.0,0.0,0.0,0.0,0.0,0.0,0.0,0.0,0.043478260869565216,0.0,0.2987179487179487,0.0,0.0,0.0,0.0,0.0,0.0,0.0,0.0
cabbage,0.0,0.025384615384615384,0.008727272727272728,0.0,0.028181818181818183,0.026666666666666665,0.00335,0.05714285714285715,0.13,0.1388888888888889,0.03333333333333333,0.0,0.0,0.06875,0.0,0.0192,0.03212765957446809,0.022000000000000002,0.16153846153846152,0.00909090909090909,0.2165217391304348,0.008333333333333333,0.00641025641025641,0.10333333333333333,0.0,0.12529411764705883,0.0,0.0,0.007333333333333333,0.36333333333333334,0.02
cantaloupe,0.0,0.011538461538461539,0.032581818181818184,0.0,0.0,0.0,0.0,0.024999999999999998,0.0,0.015000000000000001,0.0,0.0,0.0,0.0,0.0,0.0,0.0,0.015,0.0,0.0,0.00826086956521739,0.0,0.0,4.144444444444445,0.0,0.0,0.39777777777777773,0.0,0.0,0.0,0.0
caraway,0.0,0.5176923076923077,0.011127272727272727,0.31,0.0,0.026666666666666665,0.93,0.0,0.045,0.035555555555555556,0.05238095238095238,0.009130434782608696,0.0,0.01125,0.038,0.392,0.01978723404255319,0.504,0.34615384615384615,0.2636363636363636,0.3,0.025833333333333333,0.37435897435897436,1.1666666666666667,0.11250000000000002,0.04352941176470588,0.0,0.0,0.0,0.0,0.2672727272727273
cardamom,0.0,0.0,0.0,0.0,0.0,0.0,0.0,0.0,0.0,0.0,0.0,0.0,0.0,0.0,0.0,0.0,0.0,0.0,0.0,0.0,0.0,0.0,0.0,0.0,0.0,0.0,0.0,0.0,0.0,0.0,0.0
carrot,0.0,0.025384615384615384,0.03483636363636364,0.0,0.016,0.049999999999999996,0.0016,0.09999999999999999,0.0475,0.016666666666666666,0.02857142857142857,0.0,0.0,0.0614375,0.0,0.028,0.06808510638297872,0.018600000000000002,0.04461538461538462,0.0018181818181818182,0.03,0.05500000000000001,0.003076923076923077,0.0,0.0,0.08117647058823531,0.06555555555555556,0.0,0.044000000000000004,0.11,0.021818181818181816
cashew,0.0,0.0,0.2450909090909091,0.07666666666666666,0.0,0.0,0.34900000000000003,0.08214285714285714,0.0,0.09277777777777778,0.0,0.0,0.0,0.0,0.0,0.0,0.0,0.1396,0.0,0.0,0.1517391304347826,0.0,0.26794871794871794,0.5166666666666667,0.0,0.0,0.0,0.0,0.0,0.0,0.0
cauliflower,0.0,0.0,0.012836363636363635,0.0,0.0,0.0,0.0,0.08571428571428572,0.0,0.0,0.0,0.0,0.0,0.0,0.0,0.0,0.03,0.0,0.0,0.0,0.00782608695652174,0.0,0.0,0.0,0.0,0.0,0.0,0.0,0.0,0.0,0.0
caviar,0.0,0.10230769230769231,0.0,2.11,0.0,0.0,0.1665,0.0,0.0,0.5333333333333333,0.0,0.0,0.0,0.0,0.0,0.0,0.0,0.4,0.0,0.0,0.7260869565217392,0.0,0.2564102564102564,0.7411111111111112,0.0,0.0,0.0,0.0,0.0,0.0,0.0
celery,0.0,0.027692307692307693,0.013236363636363636,0.0,0.0,0.0,0.0,0.0642857142857143,0.0,0.018333333333333333,0.0,0.0,0.0,0.0,0.0,0.0,0.0,0.0,0.0,0.0,0.04565217391304348,0.0,0.0,0.20222222222222222,0.0,0.0,0.0911111111111111,0.0,0.0,0.0,0.0
chard,0.0,0.04153846153846154,0.01418181818181818,0.006666666666666667,0.034545454545454546,0.20666666666666667,0.0403,0.060714285714285714,0.0275,0.10444444444444444,0.2,0.0,0.0,0.02475,0.0,0.0384,0.08404255319148936,0.037599999999999995,0.06846153846153846,0.016363636363636365,0.15347826086956523,0.03166666666666667,0.03769230769230769,0.0,0.0,0.06823529411764706,0.24333333333333332,0.0,0.152,7.216666666666667,0.034545454545454546
cheddar,0.0,0.2561538461538462,0.048363636363636366,0.11,0.0,0.0,0.4165,0.0,0.0,0.0,0.0,0.0,0.0,0.0,0.0,0.0,0.0,0.2,0.0,0.0,0.7521739130434782,0.0,0.2564102564102564,0.37,0.0,0.0,0.0,0.0,0.0,0.0,0.0
cheese,0.0,0.0,0.008945454545454545,0.17666666666666667,0.0,0.0,0.8800000000000001,0.0,0.0,0.0,0.0,0.0,0.0,0.0,0.0,0.0,0.0,0.42200000000000004,0.0,0.0,0.2604347826086956,0.0,0.31538461538461543,0.19555555555555557,0.0,0.0,0.0,0.0,0.0,0.0,0.0
cherry,0.0,0.03076923076923077,0.15272727272727274,0.0,0.0,0.0,0.35,0.07142857142857142,0.0,0.08,0.0,0.0,0.0,0.0,0.0,0.0,0.0,0.08,0.0,0.0,0.08695652173913043,0.0,0.2564102564102564,1.1111111111111112,0.0,0.0,0.0,0.0,0.0,0.0,0.0
chestnut,0.0,0.0,0.16,0.0,0.0,0.0,0.0,0.21428571428571427,0.0,0.04,0.0,0.0,0.0,0.0,0.0,0.0,0.0,0.08,0.0,0.0,0.0,0.0,0.01282051282051282,0.0,0.0,0.0,0.26666666666666666,0.0,0.0,0.0,0.0
chicken,0.0,0.0,0.0,0.15,0.0,0.0,0.0445,0.0,0.0,0.0,0.0,0.0,0.0,0.0,0.0,0.0,0.0,0.428,0.0,0.0,0.07782608695652174,0.0,0.02294871794871795,0.0,0.0,0.0,0.0,0.0,0.0,0.0,0.0
chickpea,0.0,0.07692307692307693,0.22181818181818183,0.0,0.0,0.0,0.05,0.6071428571428571,0.0,0.34,0.0,0.0,0.0,0.0,0.0,0.0,0.0,0.38,0.0,0.0,0.010434782608695653,0.0,0.07692307692307693,0.05555555555555555,0.0,0.0,0.04,0.0,0.0,0.0,0.0
chile pepper,0.0,0.03461538461538462,0.2541818181818182,0.0,0.15327272727272725,0.25333333333333335,0.04065,1.025,0.1275,0.33555555555555555,0.20952380952380953,0.35695652173913045,0.0,0.541875,0.19119999999999998,0.1272,0.39787234042553193,0.212,0.923076923076923,0.06363636363636363,0.03956521739130435,0.0675,0.07448717948717948,29.444444444444443,0.0,0.47647058823529415,0.34888888888888886,0.0,0.20933333333333334,0.9,0.09272727272727273
chili,0.0,0.013076923076923076,0.024654545454545457,0.05,0.0,0.0,0.1905,0.028571428571428574,0.0,0.025555555555555557,0.0,0.0,0.0,0.0,0.0,0.0,0.027872340425531914,0.11019999999999999,0.0,0.0,0.16956521739130434,0.0,0.13076923076923075,0.18777777777777777,0.0,0.0,0.0,0.0,0.0,0.0,0.0
chive,0.0,0.07076923076923076,0.015818181818181818,0.0,0.009454545454545455,0.17444444444444443,0.007299999999999999,0.08928571428571429,0.2625,0.08888888888888889,0.1,0.0,0.0,0.0404375,0.0,0.0464,0.06297872340425532,0.0654,0.08846153846153847,0.016363636363636365,0.0013043478260869566,0.065,0.009358974358974358,0.0,0.0,0.08117647058823531,0.6455555555555555,0.0,0.014,1.775,0.05090909090909091
chocolate,0.0,0.15,0.22181818181818183,0.08,0.0,0.0,0.8550000000000001,0.08571428571428572,0.0,0.19499999999999998,0.0,0.0,0.0,0.0,0.0,0.0,0.0,0.1464,0.0,0.0,0.03695652173913044,0.0,0.37564102564102564,0.0,0.0,0.0,0.0,0.0,0.0,0.0,0.0
cilantro,0.0,0.0,0.0,0.0,0.0,0.0,0.0,0.0,0.0,0.0,0.0,0.0,0.0,0.0,0.0,0.0,0.0,0.0,0.0,0.0,0.0,0.0,0.0,0.0,0.0,0.0,0.0,0.0,0.0,0.0,0.0
cinnamon,0.0,0.0,0.0,0.0,0.0,0.0,0.0,0.0,0.0,0.0,0.0,0.0,0.0,0.0,0.0,0.0,0.0,0.0,0.0,0.0,0.0,0.0,0.0,0.0,0.0,0.0,0.0,0.0,0.0,0.0,0.0
citrus,0.0,0.006153846153846154,0.041090909090909095,0.0,0.0,0.0,0.0,0.0,0.0,0.0,0.0,0.0,0.0,0.0,0.0,0.0,0.000851063829787234,0.0,0.0,0.0,0.004347826086956522,0.0,0.0,0.0,0.0,0.0,0.2777777777777778,0.0,0.0,0.0,0.0
clam,0.0,0.03307692307692308,0.035745454545454546,0.05333333333333334,0.06381818181818182,0.07555555555555556,0.054000000000000006,0.04285714285714286,0.04,0.0661111111111111,0.04285714285714286,0.0,0.0,0.066875,0.0,0.0808,0.033829787234042556,0.1746,0.05538461538461538,0.3018181818181818,0.14173913043478262,0.08083333333333334,0.06051282051282051,0.0,1.8416666666666668,0.060588235294117644,0.16333333333333333,0.005,0.04933333333333333,0.08,0.04454545454545455
clove,0.0,0.48615384615384616,0.2381818181818182,0.0,0.06799999999999999,0.40888888888888886,0.1975,1.2107142857142856,0.0625,0.6555555555555556,0.6166666666666667,26.1304347826087,0.0,0.0975,0.1018,0.0832,0.2170212765957447,0.11939999999999999,0.1692307692307692,0.13090909090909092,0.12043478260869565,0.13166666666666668,0.16666666666666666,0.17777777777777778,0.0,0.23,0.0022222222222222222,0.0,0.588,1.1833333333333333,0.2109090909090909
coconut,0.0,0.0,0.16872727272727273,0.0,0.0,0.0,1.605,0.1285714285714286,0.0,0.10722222222222222,0.0,0.0,0.0,0.0,0.0,0.0,0.0,0.07139999999999999,0.0,0.0,0.11347826086956522,0.0,0.45769230769230773,0.0,0.0,0.0,0.0,0.0,0.0,0.0,0.0
cod,0.0,0.026923076923076925,0.019236363636363635,0.10666666666666667,0.0,0.0,0.0295,0.02142857142857143,0.0,0.04722222222222222,0.0,0.0,0.0,0.0,0.0,0.0,0.0,0.248,0.0,0.0,0.1817391304347826,0.0,0.03769230769230769,0.13111111111111112,0.0,0.0,0.03888888888888889,0.0,0.0,0.0,0.0
collard greens,0.0,0.09076923076923077,0.021381818181818182,0.0,0.0,0.0,0.0,0.125,0.0,0.0,0.0,0.0,0.0,0.0,0.0,0.0,0.0,0.047,0.0,0.0,0.00782608695652174,0.0,0.0,7.188888888888889,0.0,0.0,0.3922222222222222,0.0,0.0,0.0,0.0
condiment,0.0,0.0,0.2250909090909091,0.0,0.0,0.0,0.0,0.0,0.0,0.28555555555555556,0.0,0.0,0.0,0.0,0.0,0.0,0.0,0.0,0.0,0.0,0.09304347826086956,0.0,0.0,0.0,0.0,0.0,0.0,0.0,0.0,0.0,0.0
coriander,0.0,0.5453846153846154,0.2,0.0,0.0,1.0833333333333333,0.0495,1.4964285714285714,0.0,0.9055555555555556,0.7857142857142857,0.8260869565217391,0.0,0.133125,0.0,0.3272,0.2702127659574468,0.248,0.22307692307692306,0.4763636363636364,0.015217391304347827,0.19916666666666666,0.22820512820512823,0.0,0.0,0.0,0.23333333333333334,0.0,0.0,0.0,0.4272727272727273
corn,0.0,0.0,0.08145454545454545,0.0,0.0,0.0,0.0,0.04285714285714286,0.0,0.0,0.0,0.0,0.0,0.0,0.0,0.0,0.023617021276595745,0.0706,0.0,0.0,0.0,0.0,0.015128205128205128,0.0,0.0,0.0,0.0,0.0,0.0,0.0,0.0
cornmeal,0.0,0.0,0.29454545454545455,0.0,0.0,0.0,0.0,0.08571428571428572,0.0,0.04777777777777778,0.0,0.0,0.0,0.0,0.0,0.0,0.0,0.14279999999999998,0.0,0.0,0.0,0.0,0.0,0.0,0.0,0.0,0.0,0.0,0.0,0.0,0.0
cottage cheese,0.0,0.054615384615384614,0.016072727272727273,0.07333333333333333,0.0,0.0,0.155,0.0,0.0,0.0,0.0,0.0,0.0,0.0,0.0,0.0,0.03021276595744681,0.212,0.0,0.0,0.18478260869565216,0.0,0.056666666666666664,0.19666666666666666,0.0,0.0,0.0,0.0,0.0,0.0,0.0
couscous,0.0,0.025384615384615384,0.2829090909090909,0.0,0.0,0.0,0.0,0.15714285714285717,0.0,0.12333333333333335,0.0,0.0,0.0,0.0,0.0,0.0,0.04021276595744681,0.266,0.0,0.0,0.0,0.0,0.0,0.0,0.0,0.0,0.0,0.0,0.0,0.0,0.0
crab,0.0,0.06769230769230769,0.0,0.35,0.0,0.0,0.0,0.0,0.0,0.05277777777777778,0.0,0.0,0.0,0.0,0.0,0.0,0.0,0.456,0.0,0.0,0.16260869565217392,0.0,0.015769230769230768,0.19444444444444445,0.0,0.0,0.0,0.0,0.0,0.0,0.0
cranberry,0.0,0.0,0.045454545454545456,0.0,0.0,0.0,0.0,0.0,0.0,0.008333333333333333,0.0,0.0,0.0,0.0,0.0,0.0,0.0,0.0,0.0,0.0,0.006521739130434782,0.0,0.0,0.0,0.0,0.0,0.2777777777777778,0.0,0.0,0.0,0.0
cream cheese,0.0,0.054615384615384614,0.025963636363636362,0.3566666666666667,0.0,0.0,1.0699999999999998,0.0,0.0,0.0,0.0,0.0,0.0,0.0,0.0,0.0,0.0,0.14279999999999998,0.0,0.0,0.14739130434782607,0.0,0.4115384615384616,0.0,0.0,0.0,0.0,0.0,0.0,0.0,0.0
cucumber,0.0,0.010769230769230769,0.02618181818181818,0.0,0.007818181818181818,0.034444444444444444,0.00135,0.017857142857142856,0.015,0.013333333333333332,0.023809523809523808,0.0,0.0,0.0045,0.0,0.016,0.02617021276595745,0.0104,0.01846153846153846,0.005454545454545454,0.10260869565217391,0.0175,0.0011538461538461537,0.0,0.0,0.02176470588235294,0.027777777777777776,0.0,0.0013333333333333333,0.08333333333333333,0.013636363636363636
cumin,0.0,0.7161538461538461,0.16072727272727275,0.0,0.044909090909090905,0.9633333333333333,0.077,0.375,0.025,3.688888888888889,0.8714285714285714,1.4478260869565218,0.0,0.28625,0.0,0.3992,0.38085106382978723,0.35600000000000004,0.25153846153846154,0.09454545454545454,0.07304347826086957,0.5233333333333333,0.2858974358974359,1.4111111111111112,0.0,0.25588235294117645,0.08555555555555555,0.0,0.222,0.045000000000000005,0.43636363636363634
currant,0.0,0.06769230769230769,0.28,0.0,0.01927272727272727,0.3311111111111111,0.00425,0.15714285714285717,0.025,0.10444444444444444,0.08571428571428572,0.0,0.0,0.10125,0.0,0.0792,0.16531914893617022,0.06860000000000001,0.10923076923076921,0.012727272727272726,0.018695652173913044,0.13333333333333333,0.0028205128205128207,0.0,0.0,0.17411764705882352,0.052222222222222225,0.0,0.007333333333333333,0.0275,0.03363636363636364
curry,0.0,0.0,0.0,0.0,0.0,0.0,0.0,0.0,0.0,0.0,0.0,0.0,0.0,0.0,0.0,0.0,0.0,0.0,0.0,0.0,0.0,0.0,0.0,0.0,0.0,0.0,0.0,0.0,0.0,0.0,0.0
custard,0.0,0.09153846153846154,0.04,0.24333333333333335,0.0969090909090909,0.015555555555555555,0.078,0.0,0.0175,0.017222222222222222,0.030952380952380953,0.0,0.0,0.0066875,0.0,0.0992,0.03404255319148936,0.10220000000000001,0.15153846153846154,0.1290909090909091,0.03739130434782609,0.035833333333333335,0.043974358974358974,0.0,0.1625,0.04,0.0,0.065,0.014,0.0016666666666666668,0.05454545454545454
date,0.0,0.03,0.2727272727272727,0.0,0.011454545454545453,0.22888888888888886,0.0016,0.2857142857142857,0.0475,0.05666666666666667,0.10238095238095238,0.0,0.0,0.079375,0.0,0.0496,0.13957446808510637,0.049,0.05076923076923077,0.05454545454545454,0.0008695652173913044,0.043333333333333335,0.005,0.0,0.0,0.09705882352941177,0.0044444444444444444,0.0,0.0033333333333333335,0.022500000000000003,0.026363636363636363
dill,0.0,0.04153846153846154,0.007236363636363636,0.0,0.0,0.028888888888888888,0.0,0.03571428571428571,0.02,0.012777777777777779,0.016904761904761905,0.024347826086956525,0.0,0.0068125,0.04,0.0128,0.023829787234042554,0.0096,0.04384615384615385,0.0,0.35130434782608694,0.03916666666666667,0.0055128205128205125,0.0,0.0,0.02,0.023333333333333334,0.0,0.008,0.14,0.01
dried fruit,0.0,0.03,0.2858181818181818,0.0,0.021454545454545455,0.24333333333333332,0.0052,0.17142857142857143,0.025,0.07222222222222223,0.05714285714285714,0.0,0.0,0.063125,0.0,0.0512,0.11297872340425531,0.045599999999999995,0.06692307692307692,0.016363636363636365,0.01391304347826087,0.05416666666666667,0.007948717948717949,0.0,0.0,0.08588235294117647,0.06111111111111111,0.0,0.10133333333333333,0.0475,0.025454545454545455
duck,0.0,0.008461538461538461,0.22072727272727274,0.0,0.0030909090909090908,0.041111111111111105,0.0025499999999999997,0.02142857142857143,0.005,0.021666666666666667,0.011904761904761904,0.0,0.0,0.0149375,0.0,0.0072,0.01851063829787234,0.0072,0.010769230769230769,0.023636363636363636,0.3095652173913043,0.01916666666666667,0.0016666666666666668,0.0,0.0,0.018823529411764708,0.01,0.0,0.013333333333333334,0.0025,0.01909090909090909
egg,0.0,0.026923076923076925,0.006436363636363637,0.013333333333333334,0.0,0.0,0.0,0.03214285714285715,0.0,0.08833333333333333,0.0,0.0,0.0,0.0,0.266,0.0,0.031914893617021274,0.1946,0.923076923076923,0.0,0.08478260869565217,0.0,0.0,0.9833333333333333,0.22083333333333335,0.08352941176470588,0.0,0.0,0.0,0.0,0.09636363636363637
egg nog,0.0,0.09615384615384616,0.06072727272727273,0.19333333333333333,0.0,0.0,0.2085,0.0,0.0,0.0,0.0,0.0,0.0,0.0,0.0,0.0,0.0,0.0666,0.0,0.0,0.023478260869565216,0.0,0.09615384615384616,0.37,0.0,0.0,0.0,0.0,0.0,0.0,0.0
eggplant,0.0,0.07461538461538461,0.03501818181818182,0.0,0.02,0.43,0.093,0.14285714285714285,0.0925,0.11555555555555556,0.07142857142857142,0.0,0.0,0.096875,0.0,0.1336,0.05638297872340425,0.085,0.09461538461538462,0.13272727272727272,0.09521739130434782,0.22916666666666669,0.1692307692307692,0.0,0.0,0.06235294117647059,0.08222222222222222,0.0,0.04133333333333333,0.20666666666666667,0.09727272727272727
fennel,0.0,0.043076923076923075,0.030254545454545454,0.006666666666666667,0.02781818181818182,0.08333333333333333,0.047549999999999995,0.125,0.065,0.04666666666666666,0.04523809523809524,0.0,0.0,0.0433125,0.0,0.0456,0.10042553191489362,0.028399999999999998,0.026923076923076925,0.014545454545454545,0.08826086956521739,0.008333333333333333,0.04115384615384615,0.0,0.0,0.039411764705882354,0.1288888888888889,0.0,0.06733333333333333,0.6191666666666666,0.02090909090909091
feta,0.0,0.0,0.03890909090909091,0.0,0.0,0.0,1.25,0.0,0.0,0.0,0.0,0.0,0.0,0.0,0.0,0.0,0.0,0.0,0.0,0.0,0.2952173913043478,0.0,0.3666666666666667,0.0,1.0416666666666667,0.0,0.0,0.0,0.0,0.0,0.0
fig,0.0,0.011538461538461539,0.23636363636363636,0.0,0.0,0.0,0.0,0.0,0.0,0.0,0.0,0.0,0.0,0.0,0.0,0.0,0.022340425531914895,0.0,0.0,0.0,0.002173913043478261,0.0,0.0,0.0,0.0,0.0,0.0,0.0,0.0,0.0,0.0
fish,0.0,0.025384615384615384,0.037454545454545456,0.19666666666666666,0.12454545454545454,0.03888888888888889,0.2015,0.03928571428571429,0.035,0.03888888888888889,0.07142857142857142,0.0,0.0,0.128125,0.0,0.1464,0.09191489361702128,0.278,0.10153846153846154,0.42363636363636364,0.12260869565217392,0.09083333333333334,0.16794871794871793,0.0,0.27083333333333337,0.11823529411764706,0.005555555555555556,0.04,0.08066666666666666,0.0525,0.05181818181818181
garlic,0.0,0.5130769230769231,0.12109090909090908,0.0,0.0,0.0,0.0,0.0,0.0,0.0,0.0,0.0,0.0,0.0,0.0,0.0,0.0,0.0,0.0,0.0,0.0,0.0,0.0,0.0,0.0,0.0,0.8888888888888888,0.0,0.0,0.0,0.0
gin,0.0,0.0,0.0,0.0,0.0,0.023333333333333334,0.0,0.0,0.0,0.0022222222222222222,0.0,0.0,0.0,0.0008125,0.0,0.0032,0.000425531914893617,0.0,0.003076923076923077,0.0,0.0004347826086956522,0.005,0.0,0.0,0.0,0.0005882352941176471,0.0,0.0,0.0,0.0,0.0036363636363636364
ginger,0.0,0.0,0.2727272727272727,0.0,0.0,0.0,0.0,0.0,0.0,0.0,0.0,0.0,0.0,0.0,0.0,0.0,0.0,0.0,0.0,0.0,0.10869565217391304,0.0,0.16025641025641027,0.0,0.0,0.0,0.0,0.0,0.0,0.0,0.0
goat cheese,0.0,0.5492307692307692,0.0,0.32,0.0,0.0,1.0699999999999998,0.0,0.0,0.0,0.0,0.0,0.0,0.0,0.0,0.0,0.0,0.5,0.0,0.0,0.2952173913043478,0.0,0.4115384615384616,1.988888888888889,0.0,0.0,0.04777777777777777,0.0,0.0,0.0,0.0
goose,0.0,0.0,0.0,0.3333333333333333,0.0,0.0,1.385,0.0,0.0,0.0,0.0,0.0,0.0,0.0,0.0,0.0,0.0,0.0,0.0,0.0036363636363636364,0.0,0.0,1.2794871794871794,0.0,0.0,0.0,0.0,0.0,0.18000000000000002,0.0,0.0
gouda,0.0,0.5492307692307692,0.0,0.3566666666666667,0.0,0.0,1.0699999999999998,0.0,0.0,0.0,0.0,0.0,0.0,0.0,0.0,0.0,0.0,0.5,0.0,0.0,0.40391304347826085,0.0,0.4115384615384616,1.1888888888888889,0.0,0.0,0.0,0.0,0.0,0.0,0.0
grains,0.0,0.018461538461538463,0.276,0.0,0.05527272727272727,0.40777777777777774,0.009850000000000001,0.5392857142857143,0.095,0.1461111111111111,0.2619047619047619,1.1217391304347828,0.0,0.266875,0.292,0.2656,0.10851063829787234,0.20600000000000002,0.19307692307692306,0.25272727272727274,0.0008695652173913044,0.26333333333333336,0.020897435897435895,0.012222222222222223,0.0,0.17294117647058824,0.0,0.0,0.056666666666666664,0.04916666666666667,0.2409090909090909
granola,0.0,0.054615384615384614,0.16872727272727273,0.0,0.0,0.0,0.1785,0.25357142857142856,0.0,0.21444444444444444,0.0,0.0,0.0,0.0,0.0,0.0,0.0,0.28600000000000003,0.0,0.0,0.03869565217391304,0.0,0.3666666666666667,0.0,0.0,0.0,0.0,0.0,0.0,0.0,0.0
grape,0.0,0.0,0.047999999999999994,0.0,0.0,0.0,0.0,0.0,0.0,0.0,0.0,0.0,0.0,0.0,0.0,0.0,0.0,0.0,0.0,0.0,0.0013043478260869566,0.0,0.0,0.0,0.0,0.0,0.22555555555555556,0.0,0.0,0.0,0.0
grapefruit,0.0,0.0,0.03927272727272728,0.0,0.0,0.0,0.0,0.0,0.0,0.0,0.0,0.0,0.0,0.0,0.0,0.0,0.0,0.0,0.0,0.0,0.0,0.0,0.0,0.0,0.0,0.0,0.0,0.0,0.0,0.0,0.0
green bean,0.0,0.013076923076923076,0.015018181818181818,0.0,0.0,0.0,0.0,0.060714285714285714,0.0,0.016666666666666666,0.0,0.0,0.0,0.0,0.0,0.0,0.0,0.0,0.0,0.0,0.14,0.0,0.0,0.27555555555555555,0.0,0.0,0.0,0.0,0.0,0.0,0.0
green onion,0.0,0.055384615384615386,0.02669090909090909,0.0,0.010363636363636365,0.09222222222222222,0.0016,0.09285714285714286,0.16,0.08222222222222222,0.047619047619047616,0.0,0.0,0.0328125,0.0,0.0296,0.05872340425531915,0.0366,0.061538461538461535,0.010909090909090908,0.006956521739130435,0.04583333333333334,0.002435897435897436,0.0,0.0,0.03588235294117647,0.2088888888888889,0.0,0.03666666666666667,1.725,0.035454545454545454
ground beef,0.0,0.0,0.0,0.22333333333333333,0.0,0.0,0.20099999999999998,0.0,0.0,0.1338888888888889,0.0,0.0,0.0,0.0,0.0,0.0,0.0,0.392,0.0,0.0,0.029130434782608697,0.0,0.1258974358974359,0.0,0.0,0.0,0.0,0.0,0.0,0.0,0.0
ground lamb,0.0,0.0,0.0,0.25333333333333335,0.0,0.0,0.4465,0.0,0.0,0.08944444444444445,0.0,0.0,0.0,0.0,0.0,0.0,0.0,0.34,0.0,0.0,0.030869565217391304,0.0,0.26282051282051283,0.09888888888888889,0.0,0.0,0.0,0.0,0.0,0.0,0.0
guam,0.0,0.06769230769230769,0.010690909090909091,1.1266666666666667,0.0,0.0,0.3675,0.0,0.0,0.16333333333333333,0.0,0.0,0.0,0.0,0.0,0.0,0.025106382978723404,0.23600000000000002,0.0,0.0,0.20478260869565218,0.0,0.22564102564102567,0.0,0.0,0.0,0.0,0.0,0.0,0.0,0.0
guava,0.0,0.015384615384615385,0.04072727272727272,0.0,0.0,0.0,0.002,0.18571428571428572,0.0,0.030555555555555558,0.0,0.0,0.0,0.0,0.0,0.0,0.05914893617021277,0.012,0.0,0.0,0.004347826086956522,0.0,0.002564102564102564,0.0,0.0,0.0,0.0,0.0,0.0,0.0,0.0
ham,0.0,0.0,0.025963636363636362,0.15,0.0,0.0,0.0,0.0,0.0,0.035555555555555556,0.0,0.0,0.0,0.0,0.0,0.0,0.0,0.322,0.0,0.0,0.3882608695652174,0.0,0.03435897435897436,0.0,0.0,0.0,0.1788888888888889,0.0,0.0,0.0,0.0
hazelnut,0.0,0.1123076923076923,0.20400000000000001,0.04,0.0,0.0,0.8550000000000001,0.08571428571428572,0.0,0.24388888888888888,0.0,0.0,0.0,0.0,0.0,0.0,0.0,0.1464,0.0,0.0,0.03173913043478261,0.0,0.4064102564102564,0.0,0.0,0.0,0.0,0.0,0.0,0.0,0.0
herb,0.0,0.0015384615384615385,0.0007272727272727273,0.0,0.0,0.016666666666666666,0.0001,0.0,0.0025,0.0044444444444444444,0.002380952380952381,0.019130434782608695,0.0,0.0,0.0021999999999999997,0.0,0.0019148936170212765,0.0,0.003076923076923077,0.0,0.0004347826086956522,0.008333333333333333,0.0,0.022222222222222223,0.0,0.0,0.0,0.0,0.0,0.0,0.0036363636363636364
honey,0.0,0.004615384615384616,0.29963636363636365,0.0,0.004,0.039999999999999994,0.0,0.0071428571428571435,0.005,0.02333333333333333,0.004761904761904762,0.034782608695652174,0.0,0.0075625,0.013600000000000001,0.0032,0.011063829787234043,0.006,0.02923076923076923,0.014545454545454545,0.0017391304347826088,0.0,0.0,0.0,0.0,0.01411764705882353,0.005555555555555556,0.0,0.0,0.0,0.02
honeydew,0.0,0.004615384615384616,0.033054545454545455,0.0,0.013818181818181818,0.026666666666666665,0.0019,0.028571428571428574,0.0475,0.009444444444444445,0.023809523809523808,0.0,0.0,0.026125,0.0,0.0088,0.04851063829787234,0.0108,0.00923076923076923,0.012727272727272726,0.00782608695652174,0.03166666666666667,0.001794871794871795,0.0,0.0,0.05176470588235294,0.2,0.0,0.0013333333333333333,0.024166666666666666,0.00818181818181818
horseradish,0.0,0.043076923076923075,0.041090909090909095,0.0,0.011818181818181818,0.06444444444444444,0.0045,0.11785714285714285,0.1425,0.02333333333333333,0.06428571428571428,0.0,0.0,0.024125,0.0,0.0248,0.0523404255319149,0.0236,0.01846153846153846,0.050909090909090904,0.1826086956521739,0.006666666666666667,0.008846153846153846,0.0,0.0,0.04294117647058823,0.27666666666666667,0.0,0.0006666666666666666,0.010833333333333334,0.07545454545454545
hot pepper,0.0,0.4123076923076923,0.025963636363636362,0.3566666666666667,0.0,0.0,1.0699999999999998,0.0,0.0,0.0,0.0,0.0,0.0,0.0,0.0,0.0,0.0,0.428,0.0,0.0,0.4956521739130435,0.0,0.32051282051282054,1.1888888888888889,0.0,0.0,0.0,0.0,0.0,0.0,0.0
hummus,0.0,0.052307692307692305,0.052000000000000005,0.0,0.0,0.3966666666666666,0.0,0.1285714285714286,0.0,0.07944444444444444,0.0,0.0,0.6444444444444445,0.0,0.0,0.1032,0.03723404255319149,0.07139999999999999,0.0,0.0,0.09304347826086956,0.0,0.16025641025641027,0.0,0.0,0.0,0.0,0.0,0.0,0.0,0.0
ice cream,0.0,0.09461538461538462,0.10618181818181818,0.12666666666666668,0.0,0.0,0.4615,0.0,0.0,0.0,0.0,0.0,0.0,0.0,0.0,0.0,0.0,0.0616,0.0,0.0,0.03,0.0,0.15769230769230771,0.3422222222222222,0.0,0.0,0.0,0.0,0.0,0.0,0.0
jalapeno,0.0,0.1376923076923077,0.19490909090909092,0.0,0.0,0.0,0.0,0.0,0.0,0.0,0.0,0.0,0.0,0.0,0.0,0.0,0.0,0.0,0.0,0.0,0.09304347826086956,0.0,0.0,1.988888888888889,0.0,0.0,0.19,0.0,0.0,0.0,0.0
jam,0.0,0.0,0.21818181818181817,0.0,0.0,0.0,0.0,0.0,0.0,0.0,0.0,0.0,0.0,0.0,0.0,0.0,0.0,0.0,0.0,0.0,0.0,0.0,0.0,0.0,0.0,0.0,0.0,0.0,0.0,0.0,0.0
jerusalem artichoke,0.0,0.010769230769230769,0.06327272727272727,0.0,0.05454545454545454,0.15555555555555556,0.0,0.05714285714285715,0.0325,0.18888888888888888,0.04047619047619048,0.026086956521739132,0.0,0.08125,0.0794,0.0624,0.09127659574468085,0.04,0.04615384615384615,0.012727272727272726,0.0017391304347826088,0.16666666666666669,0.0001282051282051282,0.022222222222222223,0.0,0.045294117647058825,0.044444444444444446,0.0,0.012666666666666666,0.0008333333333333334,0.010909090909090908
kale,0.0,0.10230769230769231,0.03538181818181818,0.0,0.0,0.29444444444444445,0.0,0.0642857142857143,0.07,0.08833333333333333,0.08333333333333333,0.4347826086956522,0.0,0.06625,0.0,0.0424,0.09510638297872341,0.0708,0.0923076923076923,0.0,0.019130434782608695,0.0,0.011282051282051283,17.22222222222222,0.0,0.15588235294117647,1.3555555555555556,0.0,0.0,6.9,0.0
kiwi,0.0,0.05153846153846154,0.31527272727272726,0.0,0.0,0.0,0.0,0.11785714285714285,0.0,0.06666666666666667,0.0,0.0,0.0,0.0,0.0,0.0,0.0,0.0,0.0,0.0,0.06086956521739131,0.0,0.0,0.0,0.0,0.0,0.044444444444444446,0.0,0.0,0.0,0.0
kumquat,0.0,0.047692307692307694,0.05781818181818182,0.0,0.015272727272727273,0.10555555555555556,0.00515,0.23214285714285715,0.0425,0.04777777777777778,0.047619047619047616,0.0,0.0,0.0268125,0.0,0.0152,0.03957446808510638,0.037599999999999995,0.06923076923076922,0.0,0.004347826086956522,0.030833333333333334,0.011025641025641025,0.0,0.0,0.021176470588235293,0.48777777777777775,0.0,0.01,0.0,0.015454545454545455
lamb,0.0,0.003076923076923077,0.0,0.21,0.0,0.09999999999999999,0.2425,0.0,0.0,0.05777777777777778,0.04285714285714286,0.0030434782608695656,0.0,0.313125,0.0312,0.1248,0.05978723404255319,0.406,0.13538461538461538,0.08545454545454546,0.024782608695652172,0.049166666666666664,0.158974358974359,0.028888888888888888,0.675,0.07764705882352942,0.0,0.0,0.016,0.0,0.25
lamb chop,0.0,0.015384615384615385,0.0,0.33,0.1690909090909091,0.14333333333333334,0.4875,0.0,0.045,0.1,0.05714285714285714,0.0,0.0,0.44,0.0,0.1552,0.06893617021276596,0.5,0.19076923076923077,0.4945454545454545,0.17347826086956522,0.0825,0.29358974358974355,0.0,1.0208333333333335,0.07588235294117647,0.0,0.005,0.008666666666666666,0.04,0.31363636363636366
lamb shank,0.0,0.005384615384615384,0.00032727272727272726,0.22,0.0,0.08777777777777777,0.231,0.0,0.0,0.07111111111111111,0.04523809523809524,0.0034782608695652175,0.0,0.255625,0.0866,0.1256,0.060851063829787236,0.402,0.07384615384615384,0.11636363636363636,0.03304347826086956,0.08333333333333334,0.14615384615384616,0.028888888888888888,0.8374999999999999,0.05529411764705883,0.0,0.0,0.018000000000000002,0.0,0.3527272727272727
lasagna,0.0,0.13538461538461538,0.062181818181818185,0.10666666666666667,0.0,0.0,0.20600000000000002,0.05357142857142857,0.0,0.07333333333333333,0.0,0.0,0.0,0.0,0.0,0.0,0.0,0.1648,0.0,0.0,0.13304347826086957,0.0,0.1017948717948718,0.7355555555555555,0.0,0.0,0.07888888888888888,0.0,0.0,0.0,0.0
leafy green,0.0,0.023846153846153847,0.023854545454545455,0.0033333333333333335,0.018545454545454546,0.09111111111111111,0.017150000000000002,0.04285714285714286,0.0575,0.031111111111111114,0.01904761904761905,0.0,0.0,0.0314375,0.0,0.0216,0.03,0.031400000000000004,0.03769230769230769,0.025454545454545452,0.13391304347826086,0.03416666666666667,0.025384615384615384,0.0,0.0,0.03,0.07555555555555556,0.0,0.01933333333333333,0.18833333333333335,0.03818181818181818
leek,0.0,0.047692307692307694,0.05345454545454545,0.006666666666666667,0.018363636363636363,0.1388888888888889,0.04085,0.06785714285714285,0.1425,0.12166666666666666,0.06904761904761905,0.0,0.0,0.02475,0.0,0.0296,0.04,0.031400000000000004,0.023076923076923075,0.02,0.06608695652173913,0.04666666666666667,0.038974358974358976,0.0,0.0,0.1388235294117647,0.11777777777777777,0.0,0.08466666666666667,0.42833333333333334,0.011818181818181818
legume,0.0,0.054615384615384614,0.22072727272727274,0.0,0.0,0.0,0.018,1.0857142857142856,0.0,0.4466666666666666,0.0,0.0,0.0,0.0,0.0,0.0,0.0,0.5,0.0,0.0,0.06217391304347826,0.0,0.011410256410256411,0.0,0.0,0.0,0.04777777777777777,0.0,0.0,0.0,0.0
lemon,0.0,0.0,0.024254545454545456,0.0,0.0,0.0,0.1665,0.0,0.0,0.0,0.0,0.0,0.0,0.0,0.0,0.0,0.0,0.0,0.0,0.0,0.34782608695652173,0.0,0.38461538461538464,0.0,0.0,0.0,0.044444444444444446,0.0,0.0,0.0,0.0
lemongrass,0.0,0.01769230769230769,0.029818181818181817,0.0,0.0,0.0,0.017499999999999998,0.05357142857142857,0.0,0.0,0.0,0.0,0.0,0.0,0.0,0.0,0.0,0.026000000000000002,0.0,0.0,0.06304347826086956,0.0,0.01358974358974359,0.0,0.0,0.0,0.0,0.0,0.0,0.0,0.0
lentil,0.0,0.019230769230769232,0.04472727272727273,0.0,0.03472727272727273,0.16999999999999998,0.065,0.12142857142857143,0.155,0.08,0.05476190476190476,0.0,0.0,0.049375,0.0,0.0624,0.062127659574468086,0.07339999999999999,0.04461538461538462,0.02727272727272727,0.16652173913043478,0.05833333333333334,0.07192307692307692,0.0,0.004166666666666667,0.07647058823529412,0.08222222222222222,0.0,0.07266666666666667,0.07833333333333334,0.053636363636363635
lettuce,0.0,0.02076923076923077,0.010618181818181818,0.0,0.018545454545454546,0.03,0.00095,0.04285714285714286,0.085,0.035555555555555556,0.023809523809523808,0.0,0.0,0.0155625,0.0,0.0192,0.03574468085106383,0.0226,0.040769230769230766,0.007272727272727273,0.00826086956521739,0.04666666666666667,0.001794871794871795,0.0,0.0,0.03882352941176471,0.06666666666666667,0.0,0.013333333333333334,0.6266666666666667,0.014545454545454545
lima bean,0.0,0.012307692307692308,0.07054545454545454,0.0,0.05490909090909091,0.24222222222222223,0.0486,0.23214285714285715,0.1825,0.12388888888888888,0.09523809523809523,0.0,0.0,0.02325,0.0,0.0824,0.10042553191489362,0.145,0.03769230769230769,0.07636363636363637,0.09478260869565218,0.11833333333333333,0.08794871794871795,0.0,0.0,0.08352941176470588,0.0,0.0,0.062000000000000006,0.07916666666666666,0.08
lime,0.0,0.03538461538461538,0.1447272727272727,0.7533333333333333,0.27090909090909093,0.21666666666666667,0.1325,0.04642857142857143,0.0625,0.07833333333333332,0.05476190476190476,0.0,0.0,0.0123125,0.0,0.1248,0.0325531914893617,0.1764,0.2223076923076923,0.3527272727272727,0.03782608695652174,0.07583333333333334,0.18717948717948718,0.0,0.17916666666666667,0.07588235294117647,0.05555555555555555,0.06,0.056,0.005833333333333333,0.12272727272727274
lingonberry,0.0,0.0,0.16363636363636364,0.0,0.0,0.0,0.0,0.08928571428571429,0.0,0.0,0.0,0.0,0.0,0.0,0.0,0.0,0.0,0.0,0.0,0.0,0.0,0.0,0.0,0.0,0.0,0.0,0.0,0.0,0.0,0.0,0.0
lobster,0.0,0.08538461538461538,0.015054545454545454,0.57,0.14363636363636365,0.8044444444444444,0.55,0.0035714285714285718,0.0375,0.021666666666666667,0.06190476190476191,0.0,0.0,0.063125,0.0,0.1328,0.04297872340425532,0.23199999999999998,0.12846153846153846,0.7236363636363636,0.20695652173913043,0.035,0.2576923076923077,0.0,0.33333333333333337,0.05411764705882353,0.003333333333333333,0.05,0.05533333333333333,0.014166666666666666,0.1990909090909091
lychee,0.0,0.0038461538461538464,0.06,0.0,0.012909090909090908,0.16444444444444442,0.00495,0.04642857142857143,0.035,0.017222222222222222,0.023809523809523808,0.0,0.0,0.0376875,0.0,0.0248,0.036382978723404256,0.0166,0.05,0.010909090909090908,0.0004347826086956522,0.009166666666666667,0.0056410256410256415,0.0,0.0,0.05882352941176471,0.7944444444444444,0.0,0.004666666666666667,0.0033333333333333335,0.006363636363636364
macadamia nut,0.0,0.06538461538461539,0.05018181818181818,0.0,0.0,0.84,0.605,0.3071428571428571,0.0275,0.205,0.30952380952380953,1.7956521739130435,0.0,0.154375,0.1516,0.1504,0.07829787234042553,0.1582,0.12461538461538461,0.06545454545454546,0.002173913043478261,1.0,0.9717948717948718,0.0,0.0,0.16176470588235295,0.013333333333333332,0.0,0.036000000000000004,0.0,0.11818181818181818
mango,0.0,0.010769230769230769,0.062181818181818185,0.0,0.0,0.0,0.0,0.075,0.0,0.10722222222222222,0.0,0.0,0.0,0.0,0.0,0.0,0.0,0.014199999999999999,0.0,0.0,0.0,0.0,0.0,0.7933333333333333,0.0,0.0,0.3333333333333333,0.0,0.0,0.0,0.0
maple syrup,0.0,0.07692307692307693,0.3210909090909091,0.0,0.0,0.0,0.0,0.0,0.0,0.1,0.11190476190476191,1.3043478260869565,0.0,0.0,0.0,0.0,0.062127659574468086,0.0,0.0,0.0,0.15956521739130436,0.0,0.0,0.0,0.0,0.0,0.0,0.0,0.0,0.0,0.0
marshmallow,0.0,0.002307692307692308,0.29563636363636364,0.0,0.00018181818181818183,0.10777777777777778,0.0028,0.0035714285714285718,0.0025,0.012777777777777779,0.004761904761904762,0.0,0.0,0.004875,0.0,0.0064,0.0010638297872340426,0.036000000000000004,0.0007692307692307692,0.030909090909090907,0.034782608695652174,0.0008333333333333334,0.002564102564102564,0.0,0.0,0.0017647058823529412,0.0,0.0,0.0,0.0,0.0036363636363636364
mascarpone,0.0,0.11,0.012981818181818181,0.4166666666666667,0.0,0.0,1.52,0.0,0.0,0.0,0.0,0.0,0.0,0.0,0.0,0.0,0.0,0.07139999999999999,0.0,0.0,0.023478260869565216,0.0,0.5499999999999999,0.0,0.0,0.0,0.0,0.0,0.0,0.0,0.0
mayonnaise,0.0,0.010769230769230769,0.0,0.12,0.0,0.0,0.5349999999999999,0.0,0.0,0.0,0.0,0.0,0.0,0.0,0.0,0.0,0.0014893617021276596,0.0,0.0,0.0,0.21739130434782608,0.0,1.0076923076923077,0.0,0.0,0.0,0.0,0.0,0.0,0.0,0.0
meat,0.0,0.013846153846153847,0.0,0.19333333333333333,0.0,0.0,0.20099999999999998,0.0,0.0,0.035555555555555556,0.0,0.0,0.0,0.0,0.0,0.0,0.0,0.358,0.0,0.0,0.09695652173913044,0.0,0.14871794871794872,0.0,0.0,0.0,0.0,0.0,0.0,0.0,0.0
meatloaf,0.0,0.0,0.012872727272727274,0.16333333333333333,0.0,0.0,0.26549999999999996,0.0,0.0,0.05333333333333333,0.0,0.0,0.0,0.0,0.0,0.0,0.0,0.284,0.0,0.0,0.15,0.0,0.20384615384615384,0.4911111111111111,0.0,0.0,0.012222222222222223,0.0,0.0,0.0,0.0
melon,0.0,0.008461538461538461,0.023927272727272728,0.0,0.013818181818181818,0.06666666666666667,0.00125,0.03214285714285715,0.02,0.01888888888888889,0.02619047619047619,0.0,0.0,0.0145,0.0,0.004,0.03872340425531915,0.0222,0.023846153846153847,0.007272727272727273,0.00391304347826087,0.0125,0.001282051282051282,0.0,0.0,0.09588235294117647,0.24222222222222223,0.0,0.0033333333333333335,0.020833333333333332,0.006363636363636364
milk,0.0,0.09769230769230769,0.018472727272727273,0.02666666666666667,0.0,0.0,0.0635,0.0,0.0,0.0,0.0,0.0,0.0,0.0,0.0,0.0,0.0,0.0678,0.0,0.0,0.02391304347826087,0.0,0.02717948717948718,0.23555555555555555,0.0,0.0,0.011111111111111112,0.0,0.0,0.0,0.0
mint,0.0,0.0,0.38181818181818183,0.0,0.0,0.0,0.0,0.0,0.0,0.0,0.0,0.0,0.0,0.0,0.0,0.0,0.0,0.0,0.0,0.0,0.0,0.0,0.0,0.0,0.0,0.0,0.0,0.0,0.0,0.0,0.0
molasses,0.0,0.1576923076923077,0.2716363636363636,0.0,0.024181818181818183,0.5411111111111111,0.0009,0.0,0.0,0.2622222222222222,0.5761904761904761,0.0,0.0,0.058125,0.0,0.0248,0.31063829787234043,0.0,0.0015384615384615385,0.32363636363636367,0.01608695652173913,0.03416666666666667,0.001282051282051282,0.0,0.0,0.3941176470588236,0.0,0.0,0.0,0.0,0.026363636363636363
monterey jack,0.0,0.5130769230769231,0.0,0.3333333333333333,0.0,0.0,1.0,0.0,0.0,0.0,0.0,0.0,0.0,0.0,0.0,0.0,0.0,0.466,0.0,0.0,0.2682608695652174,0.0,0.38461538461538464,1.1111111111111112,0.0,0.0,0.0,0.0,0.0,0.0,0.0
mozzarella,0.0,0.4123076923076923,0.012981818181818181,0.23666666666666666,0.0,0.0,0.7150000000000001,0.0,0.0,0.0,0.0,0.0,0.0,0.0,0.0,0.0,0.0,0.428,0.0,0.0,0.07782608695652174,0.0,0.32051282051282054,0.7933333333333333,0.0,0.0,0.0,0.0,0.0,0.0,0.0
mussel,0.0,0.02,0.013418181818181819,0.09333333333333334,0.11818181818181818,0.10444444444444444,0.021249999999999998,0.0,0.105,0.21944444444444444,0.08095238095238096,0.0,0.0,0.1,0.0,0.1576,0.06808510638297872,0.23800000000000002,0.16153846153846152,0.8145454545454545,0.12434782608695652,0.13333333333333333,0.02871794871794872,0.0,5.0,0.029411764705882356,0.08888888888888889,0.0,0.03666666666666667,0.0008333333333333334,0.14545454545454548
mustard,0.0,0.04846153846153846,0.01927272727272727,0.0,0.04072727272727272,0.08222222222222221,0.0126,0.15357142857142855,0.0175,0.08833333333333333,0.11428571428571428,0.0,0.0,0.0350625,0.0,0.0864,0.031914893617021274,0.085,0.05076923076923077,0.6181818181818182,0.4782608695652174,0.1575,0.043333333333333335,0.0,0.0,0.040588235294117654,0.0044444444444444444,0.0,0.02333333333333333,0.0125,0.05818181818181818
mustard greens,0.0,0.08153846153846153,0.017127272727272727,0.0,0.0,0.0,0.0,0.125,0.0,0.06555555555555555,0.0,0.0,0.0,0.0,0.0,0.0,0.07510638297872341,0.0706,0.0,0.0,0.010434782608695653,0.0,0.0,0.0,0.0,0.0,0.5233333333333333,0.0,0.0,0.0,0.0
nectarine,0.0,0.0015384615384615385,0.03338181818181818,0.0,0.011272727272727273,0.09111111111111111,0.0,0.05357142857142857,0.015,0.016666666666666666,0.02142857142857143,0.0,0.0,0.07,0.0,0.0208,0.027872340425531914,0.0212,0.02076923076923077,0.0,0.005652173913043478,0.028333333333333335,0.00358974358974359,0.0,0.0,0.014705882352941178,0.03222222222222222,0.0,0.04066666666666666,0.016666666666666666,0.01909090909090909
noodle,0.0,0.0,0.06909090909090909,0.0,0.0,0.0,0.0,0.049999999999999996,0.0,0.0,0.0,0.0,0.0,0.0,0.0,0.0,0.0,0.064,0.0,0.0,0.0,0.0,0.06794871794871794,0.0,0.0,0.0,0.0,0.0,0.0,0.0,0.0
nutmeg,0.0,0.0,0.0,0.0,0.0,0.0,4.5,0.0,0.0,0.0,0.0,0.0,0.0,0.0,0.0,0.0,0.0,0.0,0.0,0.0,0.0,0.0,1.2820512820512822,0.0,0.0,0.0,0.0,0.0,0.013333333333333334,0.0,0.0
oat,0.0,0.04,0.2461818181818182,0.0,0.07345454545454545,0.43444444444444447,0.05550000000000001,0.3607142857142857,0.08,0.2361111111111111,0.32857142857142857,0.0,0.0,0.07,0.0,0.328,0.07702127659574468,0.264,0.11923076923076922,0.5254545454545454,0.0026086956521739132,0.38333333333333336,0.08358974358974358,0.0,0.0,0.05882352941176471,0.0,0.0,0.028,0.016666666666666666,0.33090909090909093
oatmeal,0.0,0.2561538461538462,0.24254545454545456,0.0,0.0,0.0,0.0,0.3178571428571429,0.0,1.3333333333333333,0.0,0.0,0.0,0.0,0.0,0.0,0.0,0.0,0.0,0.0,0.004782608695652174,0.0,0.08551282051282051,6.177777777777778,0.0,0.0,0.7411111111111112,0.0,0.0,0.0,0.0
octopus,0.0,0.009230769230769232,0.004290909090909091,0.0,0.0,0.0,0.0,0.0,0.0,0.0,0.0,0.0,0.0,0.0,0.0,0.0,0.03,0.33,0.0,0.0,0.25565217391304346,0.0,0.015128205128205128,0.0,0.0,0.0,0.0,0.0,0.0,0.0,0.0
okra,0.0,0.06153846153846154,0.02909090909090909,0.0,0.0,0.0,0.0,0.03571428571428571,0.0,0.030000000000000002,0.0,0.0,0.0,0.0,0.0,0.0,0.0,0.06,0.0,0.0,0.0013043478260869566,0.0,0.0,0.3888888888888889,0.0,0.0,0.13333333333333333,0.0,0.0,0.0,0.0
olive,0.0,0.046153846153846156,0.015163636363636364,0.0,0.017272727272727273,0.18,0.22549999999999998,0.0642857142857143,0.0025,0.18888888888888888,0.011904761904761904,0.0,0.0,0.005625,0.0,0.0024,0.003617021276595745,0.0146,0.0015384615384615385,0.012727272727272726,0.3630434782608696,0.006666666666666667,0.38461538461538464,0.0,0.0,0.00823529411764706,0.0044444444444444444,0.0,0.32266666666666666,0.11,0.010909090909090908
onion,0.0,0.012307692307692308,0.216,0.0,0.0,0.0,0.0,0.08214285714285714,0.0,0.19555555555555557,0.0,0.0,0.0,0.293125,0.0,0.0,0.0,0.218,0.2553846153846154,0.0,0.18695652173913044,0.8333333333333334,0.01,0.08666666666666667,0.0,0.0,0.0,0.0,0.0,0.0,0.0
orange,0.0,0.0,0.3290909090909091,0.0,0.0,0.0,0.0,0.0,0.0,0.0,0.0,0.0,0.0,0.0,0.0,0.0,0.0,0.09519999999999999,0.0,0.0,0.1656521739130435,0.0,0.0,0.0,0.0,0.0,0.0,0.0,0.0,0.0,0.0
oregano,0.0,0.0,0.0,0.0,0.0,0.0,0.0,0.0,0.0,0.0,0.0,0.0,0.0,0.0,0.0,0.0,0.0,0.0,0.0,0.0,0.0,0.0,0.0,0.0,0.0,0.0,0.0,0.0,0.0,0.0,0.0
orzo,0.0,0.0,0.2858181818181818,0.0,0.0,0.0,0.0,0.1285714285714286,0.0,0.17833333333333334,0.0,0.0,0.0,0.335,0.0,0.0,0.0,0.25,0.23384615384615384,0.0,0.0,0.8333333333333334,0.02294871794871795,0.0,0.0,0.0,0.0,0.0,0.0,0.0,0.0
oyster,0.0,0.07384615384615385,0.0669090909090909,0.03333333333333333,0.044,0.8066666666666666,0.10700000000000001,0.04285714285714286,0.08,0.13555555555555554,0.04285714285714286,0.0,0.0,0.115,0.0,0.0536,0.02893617021276596,0.0992,0.08692307692307692,0.2290909090909091,0.2217391304347826,0.12333333333333334,0.13846153846153847,0.0,0.8125,0.04176470588235294,0.02,0.02,0.08933333333333333,0.2708333333333333,0.9090909090909091
papaya,0.0,0.11538461538461539,0.23636363636363636,0.0,0.0,0.0,0.0,0.35714285714285715,0.0,0.0,0.0,0.0,0.0,0.0,0.0,0.0,0.0,0.05,0.0,0.0,0.00782608695652174,0.0,0.0,1.1111111111111112,0.0,0.0,0.06666666666666667,0.0,0.0,0.0,0.0
paprika,0.0,0.20076923076923076,0.18181818181818182,0.0,0.0,0.0,0.125,1.3392857142857142,0.0,0.7666666666666667,0.0,0.0,0.0,0.0,0.0,0.0,0.3829787234042553,0.25,0.0,0.0,0.41304347826086957,0.0,0.16025641025641027,0.0,0.0,0.0,0.0,0.0,0.0,0.0,0.0
parmesan,0.0,0.6561538461538462,0.050545454545454546,0.2866666666666667,0.025636363636363634,0.044444444444444446,0.77,0.0,0.015,0.02722222222222222,0.08095238095238096,0.030869565217391304,0.0,0.005,0.09,0.5016,0.03829787234042553,0.568,0.27538461538461534,0.6254545454545454,0.782608695652174,0.021666666666666667,0.3564102564102564,1.0822222222222222,0.5833333333333334,0.04764705882352942,0.0,0.025,0.035333333333333335,0.014166666666666666,0.38181818181818183
parsley,0.0,0.0,0.0,0.0,0.0,0.0,0.0,0.0,0.0,0.0,0.0,0.0,0.0,0.0,0.0,0.0,0.0,0.0,0.0,0.0,0.0,0.0,0.0,0.0,0.0,0.0,0.0,0.0,0.0,0.0,0.0
parsnip,0.0,0.027692307692307693,0.06,0.006666666666666667,0.047999999999999994,0.1488888888888889,0.03845,0.125,0.14,0.031111111111111114,0.06666666666666667,0.0,0.0,0.0438125,0.0,0.0536,0.07574468085106383,0.0258,0.038461538461538464,0.030909090909090907,0.057391304347826085,0.06666666666666667,0.03628205128205128,0.0,0.0,0.06235294117647059,0.13999999999999999,0.0,0.084,0.0275,0.022727272727272728
passion fruit,0.0,0.0,0.024254545454545456,0.0,0.0,0.0,0.0,0.0,0.0,0.06666666666666667,0.0,0.0,0.0,0.0,0.0,0.0,0.0,0.0222,0.0,0.0,0.0026086956521739132,0.0,0.0,1.2333333333333334,0.0,0.0,0.37,0.0,0.0,0.0,0.0
pasta,0.0,0.0,0.2858181818181818,0.0,0.0,0.0,0.0,0.1285714285714286,0.0,0.17833333333333334,0.0,0.0,0.0,0.335,0.0,0.0,0.0,0.25,0.23384615384615384,0.0,0.0,0.8333333333333334,0.02294871794871795,0.0,0.0,0.0,0.0,0.0,0.0,0.0,0.0
pea,0.0,0.09461538461538462,0.22618181818181818,0.0,0.10527272727272727,0.49333333333333335,0.2645,0.1357142857142857,0.345,0.2111111111111111,0.24285714285714285,0.0,0.0,0.31625,0.0,0.216,0.15574468085106383,0.282,0.24153846153846154,0.13090909090909092,0.13043478260869565,0.5116666666666667,0.18076923076923077,0.0,0.0,0.3223529411764706,0.0,0.0,0.154,0.41916666666666663,0.3009090909090909
peach,0.0,0.016923076923076923,0.1938181818181818,0.22333333333333333,0.0,0.0,0.22200000000000003,0.07857142857142858,0.09,0.08888888888888889,0.0,0.0,0.0,0.11125,0.0,0.0,0.0,0.0888,0.11615384615384615,0.0,0.14956521739130435,0.0,0.2846153846153846,0.24666666666666667,0.0,0.0,0.058888888888888886,0.0,0.0,0.0,0.0
peanut,0.0,0.04692307692307692,0.22036363636363637,0.05,0.0,0.0,0.53,0.10714285714285714,0.0,0.06055555555555556,0.0,0.0,0.0,0.0,0.0,0.0,0.0,0.1818,0.0,0.0,0.01956521739130435,0.0,0.35000000000000003,0.33666666666666667,0.0,0.0,0.04,0.0,0.0,0.0,0.0
peanut butter,0.0,0.03769230769230769,0.08109090909090909,0.0,0.11454545454545455,0.4666666666666666,0.505,0.17142857142857143,0.215,0.0961111111111111,0.4023809523809524,0.0,0.0,0.83125,0.0,0.2712,0.12,0.45,0.14692307692307693,0.07454545454545454,0.1865217391304348,0.11500000000000002,0.6551282051282051,0.0,0.0,0.2611764705882353,0.0,0.0,0.6073333333333333,0.0025,0.23090909090909092
pear,0.0,0.006923076923076923,0.05527272727272727,0.0,0.009272727272727273,0.09111111111111111,0.0010999999999999998,0.11071428571428572,0.0175,0.01,0.016666666666666666,0.0,0.0,0.0100625,0.0,0.0096,0.02468085106382979,0.0072,0.019999999999999997,0.0018181818181818182,0.0004347826086956522,0.01,0.001794871794871795,0.0,0.0,0.017058823529411765,0.04777777777777777,0.0,0.008,0.03666666666666667,0.009090909090909092
pecan,0.0,0.016923076923076923,0.21672727272727274,0.14,0.09,0.20444444444444443,0.1325,0.075,0.08,0.051666666666666666,0.05238095238095238,0.0,0.0,0.081875,0.0,0.0664,0.02106382978723404,0.09,0.06,0.12727272727272726,0.11956521739130435,0.16999999999999998,0.2141025641025641,0.0,0.05,0.02235294117647059,0.0,0.005,0.05333333333333334,0.12916666666666668,0.07909090909090909
pepper,0.0,0.33615384615384614,0.24254545454545456,0.0,0.0,0.0,0.0,1.1892857142857143,0.0,1.6055555555555554,0.0,0.0,0.0,0.0,0.0,0.0,0.0,0.0,0.0,0.0,0.0,0.0,0.0,0.2111111111111111,0.0,0.0,0.23333333333333334,0.0,0.0,0.0,0.0
pernod,0.0,0.1576923076923077,0.05745454545454546,0.21,0.0,0.0,0.6,0.04642857142857143,0.0,0.17555555555555558,0.0,0.0,0.0,0.0,0.0,0.0,0.02106382978723404,0.1518,0.0,0.0,0.18695652173913044,0.0,0.26794871794871794,0.0,0.0,0.0,0.0,0.0,0.0,0.0,0.0
persimmon,0.0,0.016923076923076923,0.3494545454545454,0.0,0.036727272727272726,0.33666666666666667,0.00265,0.34285714285714286,0.0275,0.02333333333333333,0.05714285714285714,0.0,0.0,0.0149375,0.0,0.036,0.09127659574468085,0.0308,0.04384615384615385,0.034545454545454546,0.0013043478260869566,0.04666666666666667,0.008461538461538461,0.0,0.0,0.14058823529411765,0.044444444444444446,0.0,0.12933333333333333,0.0575,0.02727272727272727
phyllo,0.0,0.008461538461538461,0.1912727272727273,0.0,0.012545454545454545,0.11222222222222222,0.0735,0.06785714285714285,0.22,0.17833333333333334,0.03571428571428571,0.20695652173913043,0.0,0.254375,0.060399999999999995,0.06,0.01574468085106383,0.142,0.2623076923076923,0.42363636363636364,0.21,0.45083333333333336,0.07692307692307693,0.0,0.0,0.01764705882352941,0.0,0.0,0.005333333333333333,0.020833333333333332,0.04454545454545455
pickles,0.0,0.0,0.16981818181818184,0.0,0.0,0.0,0.0,0.11785714285714285,0.0,0.13333333333333333,0.0,0.0,0.0,0.0,0.0,0.0,0.0,0.0,0.0,0.0,0.0,0.0,0.0,1.1111111111111112,0.0,0.0,0.0,0.0,0.0,0.0,0.0
pine nut,0.0,0.012307692307692308,0.047636363636363636,0.0,0.10145454545454545,1.4666666666666668,0.24500000000000002,0.13214285714285715,0.085,0.30722222222222223,0.5976190476190476,0.0,0.0,0.274375,0.0,0.46,0.1270212765957447,0.27399999999999997,0.17461538461538462,0.012727272727272726,0.0008695652173913044,0.30333333333333334,0.876923076923077,0.0,0.0,0.05529411764705883,0.008888888888888889,0.0,0.622,0.44916666666666666,0.5863636363636364
pineapple,0.0,0.027692307692307693,0.2858181818181818,0.0,0.0,0.0,0.0,0.15357142857142855,0.0,0.035555555555555556,0.0,0.0,0.0,0.0,0.0,0.0,0.0,0.0,0.0,0.0,0.00782608695652174,0.0,0.0,0.0,0.0,0.0,0.0,0.0,0.0,0.0,0.0
pistachio,0.0,0.10230769230769231,0.09709090909090909,0.0,0.0,1.4777777777777779,0.3335,0.35714285714285715,0.0,0.26666666666666666,0.47619047619047616,0.0,0.0,0.0,0.0,0.4,0.0,0.4,0.0,0.0,0.16652173913043478,0.0,0.5987179487179487,0.37,0.0,0.5882352941176471,0.044444444444444446,0.0,0.0,0.0,0.0
plantain,0.0,0.006923076923076923,0.23199999999999998,0.0,0.0,0.22,0.417,0.125,0.0875,0.05388888888888889,0.16904761904761906,0.0,0.0,0.050125,0.0,0.0624,0.1672340425531915,0.045599999999999995,0.030769230769230767,0.007272727272727273,0.08782608695652173,0.05416666666666667,0.3794871794871795,0.0,0.0,0.2705882352941177,0.3566666666666667,0.0,0.336,0.23833333333333334,0.03363636363636364
plum,0.0,0.0038461538461538464,0.04909090909090909,0.0,0.002545454545454545,0.04555555555555556,0.00065,0.03571428571428571,0.005,0.007222222222222223,0.011904761904761904,0.0,0.0,0.0175625,0.0,0.0096,0.0225531914893617,0.0104,0.014615384615384615,0.0,0.0004347826086956522,0.014166666666666668,0.002948717948717949,0.0,0.0,0.012352941176470589,0.06333333333333334,0.0,0.013333333333333334,0.04,0.007272727272727273
poach,0.0,0.047692307692307694,0.04363636363636364,0.5633333333333334,0.23454545454545456,0.3688888888888889,0.014849999999999999,0.0,0.0175,0.31777777777777777,0.22857142857142856,0.0,0.0,0.168125,0.0,0.2272,0.09531914893617022,0.68,0.1453846153846154,1.6218181818181818,0.4082608695652174,0.2991666666666667,0.019358974358974358,0.0,0.5458333333333334,0.15823529411764709,0.035555555555555556,0.0,0.5306666666666666,0.38166666666666665,0.14818181818181816
poblano,0.0,0.007692307692307693,0.016872727272727272,0.0,0.01,0.07333333333333333,0.0029000000000000002,0.060714285714285714,0.025,0.01888888888888889,0.023809523809523808,0.0,0.0,0.03,0.0,0.016,0.03723404255319149,0.0172,0.021538461538461538,0.0,0.0013043478260869566,0.0475,0.00217948717948718,0.0,0.0,0.13176470588235295,0.8933333333333334,0.0,0.024666666666666667,0.06166666666666667,0.011818181818181818
pomegranate,0.0,0.006153846153846154,0.044,0.0,0.0,0.0,0.0,0.0,0.0,0.0,0.0,0.0,0.0,0.0,0.0,0.0,0.0,0.0,0.0,0.0,0.006521739130434782,0.0,0.0,0.0,0.0,0.0,0.06888888888888889,0.0,0.0,0.0,0.0
pork,0.0,0.0,0.004290909090909091,0.25333333333333335,0.0,0.0,0.11750000000000001,0.0,0.0,0.07055555555555555,0.0,0.0,0.0,0.0,0.0,0.0,0.0,0.424,0.0,0.0,0.09217391304347826,0.0,0.052820512820512824,0.0,0.0,0.0,0.0,0.0,0.0,0.0,0.0
pork chop,0.0,0.006153846153846154,0.0,0.28,0.13563636363636364,0.07555555555555556,0.1635,0.0,0.0,0.027777777777777776,0.07380952380952381,0.0,0.0,0.5125,0.0,0.2208,0.09765957446808511,0.5539999999999999,0.19153846153846152,0.8672727272727273,0.2234782608695652,0.4708333333333333,0.1346153846153846,0.0,0.26666666666666666,0.3282352941176471,0.0,0.025,0.013333333333333334,0.0,0.17454545454545453
pork rib,0.0,0.016923076923076923,0.0,0.24666666666666667,0.14800000000000002,0.08666666666666667,0.11850000000000001,0.0,0.0,0.04722222222222222,0.05,0.004782608695652174,0.0,0.1925,0.322,0.1544,0.06765957446808511,0.386,0.1946153846153846,0.5872727272727272,0.027391304347826086,0.3125,0.1512820512820513,0.008888888888888889,0.4166666666666667,0.3170588235294118,0.0,0.034999999999999996,0.015333333333333334,0.0,0.2527272727272727
pork tenderloin,0.0,0.0,0.009745454545454547,0.18,0.0,0.0,0.0445,0.0,0.0,0.0,0.0,0.0,0.0,0.0,0.0,0.0,0.0,0.358,0.0,0.0,0.13217391304347825,0.0,0.028589743589743588,0.0,0.0,0.0,0.012222222222222223,0.0,0.0,0.0,0.0
port,0.0,0.5,0.0020727272727272725,0.41,0.028,0.024444444444444442,0.835,0.0,0.045,0.02388888888888889,0.05714285714285714,0.004782608695652174,0.0,0.00375,0.041999999999999996,0.288,0.02893617021276596,0.47600000000000003,0.1846153846153846,0.2636363636363636,0.23217391304347826,0.011666666666666667,0.36153846153846153,1.211111111111111,0.625,0.031176470588235295,0.0,0.025,0.016,0.02,0.23636363636363636
potato,0.0,0.026153846153846153,0.04872727272727273,0.22666666666666666,0.08818181818181818,0.03111111111111111,0.156,0.05357142857142857,0.0425,0.04,0.030952380952380953,0.0,0.0,0.0603125,0.0,0.0632,0.046595744680851064,0.07780000000000001,0.11615384615384615,0.1290909090909091,0.09608695652173913,0.08,0.14358974358974358,0.0,0.10833333333333334,0.06352941176470589,0.005555555555555556,0.02,0.07333333333333333,0.07583333333333334,0.04090909090909091
poultry,0.0,0.007692307692307693,0.019236363636363635,0.016666666666666666,0.006727272727272728,0.021111111111111112,0.03195,0.0035714285714285718,0.005,0.005,0.007142857142857143,0.0,0.0,0.0178125,0.0,0.016,0.008936170212765958,0.014199999999999999,0.040769230769230766,0.007272727272727273,0.1691304347826087,0.02,0.03358974358974359,0.0,0.0,0.014705882352941178,0.0,0.0,0.006666666666666667,0.005,0.007272727272727273
poultry sausage,0.0,0.007692307692307693,0.019236363636363635,0.016666666666666666,0.006727272727272728,0.021111111111111112,0.03195,0.0035714285714285718,0.005,0.005,0.007142857142857143,0.0,0.0,0.0178125,0.0,0.016,0.008936170212765958,0.014199999999999999,0.040769230769230766,0.007272727272727273,0.1691304347826087,0.02,0.03358974358974359,0.0,0.0,0.014705882352941178,0.0,0.0,0.006666666666666667,0.005,0.007272727272727273
prosciutto,0.0,0.0,0.0,0.12,0.0,0.0,0.1785,0.0,0.0,0.07944444444444444,0.0,0.0,0.0,0.0,0.0,0.0,0.0,0.0,0.0,0.0,0.8869565217391304,0.0,0.13717948717948716,0.0,0.0,0.0,0.0,0.0,0.0,0.0,0.0
prune,0.0,0.023846153846153847,0.2367272727272727,0.0,0.0,0.0,0.0008,0.11785714285714285,0.0,0.15555555555555556,0.0,0.0,0.0,0.15625,0.086,0.0576,0.18127659574468086,0.042,0.0,0.0,0.01,0.03333333333333333,0.002564102564102564,2.2222222222222223,0.0,0.0,0.04777777777777777,0.0,0.0,0.0,0.0
pumpkin,0.0,0.025384615384615384,0.033345454545454546,0.0,0.0,0.0,0.0,0.08928571428571429,0.0,0.03333333333333333,0.0,0.0,0.0,0.0,0.0,0.0,0.0,0.0334,0.0,0.0,0.0034782608695652175,0.0,0.0,13.0,0.0,0.0,0.044444444444444446,0.0,0.0,0.0,0.0
punch,0.0,0.0,0.0,0.0,0.0,0.0,0.0,0.0,0.0,0.0,0.0,0.0,0.0,0.0,0.0,0.0,0.0,0.0,0.0,0.0,0.0,0.0,0.0,0.0,0.0,0.0,0.0,0.0,0.0,0.0,0.0
quail,0.0,0.011538461538461539,0.0,0.2866666666666667,0.11927272727272727,0.6555555555555556,0.197,0.0,0.015,0.245,0.05238095238095238,0.0,0.0,0.493125,0.0,0.2224,0.045744680851063826,0.5,0.22999999999999998,0.39454545454545453,0.09304347826086956,0.1825,0.1794871794871795,0.0,0.15,0.36294117647058827,0.025555555555555554,0.01,0.04666666666666666,0.035,0.2809090909090909
quince,0.0,0.008461538461538461,0.05563636363636364,0.0,0.0,0.14444444444444446,0.0005,0.06785714285714285,0.0075,0.03888888888888889,0.01904761904761905,0.0,0.0,0.0125,0.0162,0.0136,0.041914893617021276,0.008,0.023076923076923075,0.010909090909090908,0.0017391304347826088,0.016666666666666666,0.001282051282051282,0.044444444444444446,0.0,0.023529411764705882,0.16666666666666666,0.0,0.0,0.0,0.0036363636363636364
quinoa,0.0,0.010769230769230769,0.07272727272727272,0.0,0.0,0.0,0.018,0.075,0.0,0.042777777777777776,0.0,0.0,0.0,0.0,0.0,0.0,0.0,0.0572,0.0,0.0,0.06826086956521739,0.0,0.02294871794871795,0.7933333333333333,0.0,0.0,0.03777777777777778,0.0,0.0,0.0,0.0
rabbit,0.0,0.013846153846153847,0.0,0.4066666666666667,0.23454545454545456,0.19444444444444442,0.052500000000000005,0.0,0.02,0.2683333333333333,0.07380952380952381,0.0,0.0,0.398125,0.0,0.1912,0.07276595744680851,0.6579999999999999,0.05384615384615385,0.27454545454545454,0.09,0.016666666666666666,0.04487179487179487,0.0,2.7,0.19941176470588237,0.0,0.0,0.02733333333333333,0.0125,0.21545454545454545
rack of lamb,0.0,0.006153846153846154,0.00018181818181818183,0.20666666666666667,0.0,0.11222222222222222,0.215,0.0,0.0,0.07555555555555556,0.05238095238095238,0.0034782608695652175,0.0,0.31375,0.11679999999999999,0.1488,0.06893617021276596,0.39799999999999996,0.1323076923076923,0.050909090909090904,0.026956521739130435,0.051666666666666666,0.12769230769230772,0.025555555555555557,0.4291666666666667,0.13941176470588235,0.0,0.005,0.02333333333333333,0.0,0.19727272727272727
radicchio,0.0,0.015384615384615385,0.014545454545454545,0.0,0.0,0.8444444444444444,0.0,0.10714285714285714,0.15,0.02,0.02857142857142857,0.0,0.0,0.0,0.0,0.044,0.029787234042553193,0.04,0.0,0.0,0.01956521739130435,0.0,0.0,0.0,0.0,0.0,0.06666666666666667,0.0,0.0,1.4166666666666667,0.08181818181818182
radish,0.0,0.019230769230769232,0.012363636363636363,0.0,0.011818181818181818,0.05555555555555556,0.0016,0.05714285714285715,0.0625,0.01888888888888889,0.023809523809523808,0.0,0.0,0.015875,0.0,0.016,0.049574468085106384,0.013600000000000001,0.03,0.010909090909090908,0.016956521739130436,0.01,0.001282051282051282,0.0,0.0,0.04176470588235294,0.16444444444444445,0.0,0.0,0.010833333333333334,0.025454545454545455
raisin,0.0,0.026153846153846153,0.19090909090909092,0.0,0.0,0.0,0.0,0.12142857142857143,0.0,0.16944444444444443,0.0,0.0,0.0,0.211875,0.0,0.0,0.0,0.204,0.22153846153846152,0.0,0.15478260869565216,0.0,0.05435897435897436,0.0,0.0,0.0,0.06777777777777777,0.0,0.0,0.0,0.0
raspberry,0.0,0.0,0.048363636363636366,0.0,0.0,0.0,0.0,0.0,0.0,0.0,0.0,0.0,0.0,0.0,0.0,0.0,0.0274468085106383,0.0,0.0,0.0,0.0034782608695652175,0.0,0.0,0.0,0.0,0.0,0.005555555555555556,0.0,0.0,0.0,0.0
red wine,0.0,0.006153846153846154,0.00949090909090909,0.0,0.010363636363636365,0.012222222222222221,0.0,0.0,0.0025,0.025555555555555557,0.02857142857142857,0.0,0.0,0.014,0.0,0.0184,0.02702127659574468,0.0014000000000000002,0.023846153846153847,0.0036363636363636364,0.0017391304347826088,0.004166666666666667,0.0,0.0,0.0,0.033529411764705884,0.0,0.0,0.0,0.0033333333333333335,0.012727272727272728
rhubarb,0.0,0.05615384615384615,0.06327272727272727,0.0,0.01,0.019999999999999997,0.00235,0.05714285714285715,0.01,0.011111111111111112,0.02619047619047619,0.0,0.0,0.015125,0.0,0.0104,0.049574468085106384,0.016200000000000003,0.021538461538461538,0.02,0.0017391304347826088,0.011666666666666667,0.0028205128205128207,0.0,0.0,0.011764705882352941,0.06333333333333334,0.0,0.016,0.21916666666666668,0.00818181818181818
rice,0.0,0.021538461538461538,0.09599999999999999,0.0,0.0,0.0,0.0,0.049999999999999996,0.0,0.10444444444444444,0.0,0.0,0.0,0.0,0.0,0.0,0.0,0.0694,0.0,0.0,0.20217391304347826,0.0,0.031153846153846157,0.07666666666666666,0.0,0.0,0.027777777777777776,0.0,0.0,0.0,0.0
ricotta,0.0,0.19076923076923077,0.02181818181818182,0.13333333333333333,0.030727272727272725,0.01888888888888889,0.2975,0.0,0.02,0.015000000000000001,0.04047619047619048,0.0,0.0,0.0076875,0.0,0.1376,0.03787234042553191,0.192,0.19692307692307692,0.2018181818181818,0.04434782608695652,0.02666666666666667,0.12128205128205129,0.0,0.22500000000000003,0.03529411764705882,0.0,0.01,0.011333333333333334,0.005,0.08636363636363636
root vegetable,0.0,0.031538461538461536,0.06290909090909091,0.0,0.021272727272727273,0.08555555555555555,0.00125,0.11785714285714285,0.0575,0.044444444444444446,0.09047619047619047,0.10086956521739132,0.0,0.01875,0.06420000000000001,0.0408,0.06553191489361702,0.030600000000000002,0.023076923076923075,0.012727272727272726,0.002173913043478261,0.008333333333333333,0.001923076923076923,0.0,0.0,0.1411764705882353,0.03333333333333333,0.0,0.025333333333333333,0.013333333333333334,0.030000000000000002
rosemary,0.0,0.0,0.0,0.0,0.0,0.0,0.0,0.0,0.0,0.0,0.0,0.0,0.0,0.0,0.0,0.0,0.0,0.0,0.0,0.0,0.0,0.0,0.0,0.0,0.0,0.0,0.0,0.0,0.0,0.0,0.0
rum,0.0,0.0,0.0,0.0,0.0,0.023333333333333334,0.0,0.0,0.0,0.0022222222222222222,0.0,0.0,0.0,0.0008125,0.0,0.0032,0.000425531914893617,0.0,0.003076923076923077,0.0,0.0004347826086956522,0.005,0.0,0.0,0.0,0.0005882352941176471,0.0,0.0,0.0,0.0,0.0036363636363636364
rutabaga,0.0,0.03076923076923077,0.02909090909090909,0.0,0.0,0.0,0.0,0.10714285714285714,0.0,0.02,0.0,0.0,0.0,0.0,0.0,0.0,0.0,0.02,0.0,0.0,0.0013043478260869566,0.0,0.0,0.0,0.0,0.0,0.2733333333333334,0.0,0.0,0.0,0.0
rye,0.0,0.05384615384615385,0.17745454545454545,0.0,0.0,0.0,0.057999999999999996,0.20714285714285713,0.0,0.1627777777777778,0.0,0.0,0.0,0.0,0.0,0.0,0.0,0.1396,0.0,0.0,0.28304347826086956,0.0,0.029871794871794873,0.0,0.0,0.0,0.0,0.0,0.0,0.0,0.0
saffron,0.0,0.08538461538461538,0.23781818181818185,0.0,0.0,0.36444444444444446,0.0795,0.1392857142857143,0.2325,0.6166666666666667,0.6285714285714286,12.347826086956522,0.0,0.09125,0.0,0.2016,0.3659574468085106,0.228,0.2053846153846154,0.10181818181818181,0.06434782608695652,0.09583333333333334,0.075,0.5888888888888889,0.0,0.5941176470588235,0.8977777777777778,0.0,0.0,0.0,0.0990909090909091
sage,0.0,0.0,0.0,0.0,0.0,0.0,0.0,0.0,0.0,0.0,0.0,0.0,0.0,0.0,0.0,0.0,0.0,0.0,0.0,0.0,0.0,0.0,0.0,0.0,0.0,0.0,0.0,0.0,0.0,0.0,0.0
salad,0.0,0.05076923076923077,0.09818181818181818,0.0,0.0,0.0,0.08199999999999999,0.09285714285714286,0.0,0.05277777777777778,0.0,0.0,0.0,0.0,0.0,0.0,0.0,0.0526,0.0,0.0,0.07739130434782608,0.0,0.059102564102564106,2.188888888888889,0.0,0.0,0.4388888888888889,0.0,0.0,0.0,0.0
salad dressing,0.0,0.005384615384615384,0.07272727272727272,0.11,0.0,0.0,0.3335,0.0,0.0,0.0,0.0,0.0,0.0,0.0,0.0,0.0,0.0014893617021276596,0.0,0.0,0.0,0.34782608695652173,0.0,0.38461538461538464,0.0,0.0,0.0,0.0,0.0,0.0,0.0,0.0
salmon,0.0,0.013846153846153847,0.0,0.17666666666666667,0.0,0.0,0.022,0.0,0.0,0.017777777777777778,0.0,0.0,0.0,0.0,0.0,0.0,0.0,0.39,0.0,0.0,0.028695652173913042,0.0,0.045384615384615384,0.09777777777777778,0.0,0.0,0.012222222222222223,0.0,0.0,0.0,0.0
salsa,0.0,0.0,0.020763636363636363,0.0,0.0,0.0,0.0,0.10357142857142856,0.0,0.0,0.0,0.0,0.0,0.0,0.0,0.0,0.0,0.0572,0.0,0.0,0.1491304347826087,0.0,0.0,0.31777777777777777,0.0,0.0,0.19,0.0,0.0,0.0,0.0
sardine,0.0,0.2353846153846154,0.07963636363636363,0.2633333333333333,0.08763636363636364,0.17555555555555555,0.0605,0.03571428571428571,0.1375,0.17333333333333334,0.08095238095238096,0.0,0.0,0.314375,0.0,0.2576,0.05808510638297872,0.358,0.17923076923076922,0.72,0.16652173913043478,0.22500000000000003,0.10205128205128206,0.0,2.0708333333333333,0.07882352941176471,0.0,0.135,0.082,0.0125,0.10181818181818182
sausage,0.0,0.02076923076923077,0.04363636363636364,0.13333333333333333,0.0,0.0,0.2665,0.04642857142857143,0.0,0.2,0.0,0.0,0.0,0.0,0.0,0.0,0.0,0.214,0.0,0.0,0.8739130434782608,0.0,0.2217948717948718,0.14777777777777779,0.0,0.0,0.017777777777777778,0.0,0.0,0.0,0.0
scallop,0.0,0.02846153846153846,0.05127272727272727,0.03666666666666667,0.016181818181818183,0.10111111111111111,0.135,0.06785714285714285,0.0525,0.049444444444444444,0.04047619047619048,0.0,0.0,0.08,0.0,0.0384,0.05382978723404255,0.054000000000000006,0.05230769230769231,0.061818181818181814,0.09391304347826086,0.11416666666666668,0.06307692307692307,0.0,0.020833333333333336,0.05647058823529412,0.13555555555555554,0.0,0.03933333333333333,0.06749999999999999,0.03272727272727272
seed,0.0,0.04692307692307692,0.11636363636363636,0.0,0.0,1.1888888888888889,0.03105,0.17142857142857143,0.1225,0.03333333333333333,0.11904761904761904,0.05739130434782609,0.0,0.33125,0.16319999999999998,0.0992,0.18617021276595744,0.106,0.13076923076923078,0.0,0.01,0.24166666666666667,0.029487179487179487,0.2644444444444444,0.0,0.17529411764705882,0.06777777777777777,0.0,0.0,0.0,0.07545454545454545
semolina,0.0,0.0,0.2847272727272727,0.0,0.0,0.0,0.0,0.07857142857142858,0.0,0.19333333333333333,0.0,0.0,0.0,0.0,0.0,0.0,0.017659574468085106,0.218,0.0,0.0,0.009565217391304347,0.0,0.02782051282051282,0.0,0.0,0.0,0.0,0.0,0.0,0.0,0.0
sesame,0.0,0.014615384615384615,0.03127272727272727,0.0,0.007272727272727273,0.0,0.31,0.03571428571428571,0.0,0.03333333333333333,0.0,0.0,0.0,0.0,0.0,0.0296,0.03340425531914894,0.062,0.0,0.02909090909090909,0.43478260869565216,0.0,0.5794871794871795,0.0,0.0,0.0,0.0,0.0,0.3333333333333333,0.4666666666666667,0.009090909090909092
sesame oil,0.0,0.0,0.0,0.0,0.00036363636363636367,0.0,0.71,0.0,0.0,0.0,0.0,0.0,0.0,0.0,0.0,0.0,0.0,0.0,0.0,0.0,0.0,0.0,1.2820512820512822,0.0,0.0,0.0,0.0,0.0,0.09333333333333332,0.11333333333333333,0.0
shallot,0.0,0.02846153846153846,0.06109090909090909,0.0,0.020545454545454547,0.09777777777777777,0.0008500000000000001,0.1142857142857143,0.085,0.06666666666666667,0.05,0.12695652173913044,0.0,0.0125,0.057999999999999996,0.048,0.07106382978723404,0.05,0.015384615384615384,0.021818181818181816,0.0052173913043478265,0.05,0.001282051282051282,0.0044444444444444444,0.0,0.20294117647058824,0.08888888888888889,0.0,0.0026666666666666666,0.006666666666666667,0.03636363636363637
shellfish,0.0,0.01769230769230769,0.05709090909090909,0.12,0.06618181818181817,0.13,0.039650000000000005,0.03928571428571429,0.125,0.07444444444444445,0.05238095238095238,0.0,0.0,0.105625,0.0,0.08,0.038085106382978726,0.1316,0.0776923076923077,0.38181818181818183,0.10391304347826087,0.1391666666666667,0.06461538461538462,0.0,0.6958333333333333,0.045294117647058825,0.024444444444444446,0.005,0.08266666666666667,0.043333333333333335,0.056363636363636366
shrimp,0.0,0.054615384615384614,0.0,0.37333333333333335,0.0,0.0,0.0,0.0,0.0,0.02333333333333333,0.0,0.0,0.0,0.0,0.0,0.0,0.0,0.23600000000000002,0.0,0.0,0.21478260869565216,0.0,0.0,0.0,0.0,0.0,0.0,0.0,0.0,0.0,0.0
sorbet,0.0,0.002307692307692308,0.09854545454545455,0.0,0.007272727272727273,0.0077777777777777776,0.0,0.017857142857142856,0.0075,0.009444444444444445,0.004761904761904762,0.0,0.0,0.005125,0.0,0.0024,0.005957446808510639,0.0158,0.006923076923076922,0.0036363636363636364,0.005652173913043478,0.005,0.000641025641025641,0.0,0.0,0.007647058823529411,0.05777777777777778,0.0,0.0,0.0033333333333333335,0.0036363636363636364
sour cream,0.0,0.10230769230769231,0.024254545454545456,0.22333333333333333,0.0,0.0,0.585,0.0,0.0,0.0,0.0,0.0,0.0,0.0,0.0,0.0,0.03893617021276596,0.0666,0.0,0.0,0.021739130434782608,0.0,0.2141025641025641,0.7411111111111112,0.0,0.0,0.0,0.0,0.0,0.0,0.0
soy,0.0,0.13153846153846155,0.19345454545454546,0.0,0.2018181818181818,2.7333333333333334,0.05500000000000001,0.125,0.6,0.2888888888888889,0.40476190476190477,0.0,0.0,0.18625,0.0,0.0056,0.0014893617021276596,0.53,0.2684615384615384,0.22,0.3660869565217391,0.2775,0.09423076923076923,0.0,0.0,0.30176470588235293,0.0,0.0,0.06733333333333333,0.09916666666666667,0.13636363636363635
spinach,0.0,0.07615384615384616,0.012836363636363635,0.0,0.0,0.0,0.0,0.08571428571428572,0.0,0.13055555555555556,0.0,0.4347826086956522,0.0,0.0,0.0,0.0,0.11893617021276595,0.047,0.0,0.0,0.03304347826086956,0.0,0.0,0.0,0.0,0.0,0.31333333333333335,0.0,0.0,4.033333333333333,0.0
squash,0.0,0.05,0.09672727272727273,0.12666666666666668,0.05836363636363637,0.06,0.1155,0.04642857142857143,0.06,0.051666666666666666,0.030952380952380953,0.0,0.0,0.0525,0.0,0.0616,0.03574468085106383,0.08,0.13076923076923078,0.14363636363636365,0.07217391304347825,0.08333333333333334,0.1026923076923077,0.0,0.07916666666666668,0.052941176470588235,0.027777777777777776,0.03,0.036000000000000004,0.04083333333333334,0.04090909090909091
squid,0.0,0.05615384615384615,0.013236363636363636,0.09,0.0,0.0,0.1365,0.0,0.0,0.07277777777777777,0.0,0.0,0.0,0.0,0.0,0.0,0.0,0.292,0.0,0.0,0.27652173913043476,0.0,0.21025641025641023,0.20222222222222222,0.0,0.0,0.0,0.0,0.0,0.0,0.0
steak,0.0,0.0,0.4036363636363636,0.0,0.0,0.0,0.0,0.0,0.0,0.0,0.0,0.0,0.0,0.0,0.0,0.0,0.0,0.0,0.0,0.0,0.0,0.0,0.0,0.0,0.0,0.0,0.0,0.0,0.0,0.0,0.0
stock,0.0,0.0,0.006436363636363637,0.0,0.0,0.0,0.0,0.0,0.0,0.0,0.0,0.0,0.0,0.0,0.0,0.0,0.0,0.0,0.0,0.0,0.15391304347826087,0.0,0.011282051282051283,0.3933333333333333,0.0,0.0,0.012222222222222223,0.0,0.0,0.0,0.0
strawberry,0.0,0.0,0.04909090909090909,0.0,0.0,0.0,0.2835,0.024999999999999998,0.0,0.014444444444444446,0.0,0.0,0.0,0.0,0.0,0.0,0.010638297872340425,0.014199999999999999,0.0,0.0,0.004782608695652174,0.0,0.0726923076923077,0.0,0.0,0.0,0.0,0.0,0.0,0.0,0.0
sweet potato,0.0,0.02,0.05963636363636363,0.04666666666666667,0.0,0.0,0.016,0.06785714285714285,0.0,0.03222222222222222,0.0,0.0,0.0,0.0,0.0,0.0,0.0,0.109,0.0,0.0,0.07521739130434782,0.0,0.01641025641025641,5.877777777777778,0.0,0.0,0.05333333333333333,0.0,0.0,0.0,0.0
swiss cheese,0.0,0.6692307692307692,0.015818181818181818,0.29,0.0,0.0,0.8699999999999999,0.0,0.0,0.0,0.0,0.0,0.0,0.0,0.0,0.0,0.0,0.522,0.0,0.0,0.08521739130434783,0.0,0.33461538461538465,0.9666666666666667,0.0,0.0,0.0,0.0,0.0,0.0,0.0
swordfish,0.0,0.0038461538461538464,0.0,0.22,0.11818181818181818,0.043333333333333335,0.0805,0.0,0.005,0.021111111111111112,0.06904761904761905,0.004782608695652174,0.0,0.485,0.06999999999999999,0.204,0.08893617021276595,0.39399999999999996,0.040769230769230766,1.0436363636363637,0.035217391304347825,0.0625,0.08525641025641026,0.13333333333333333,0.7083333333333334,0.3194117647058824,0.0,0.6950000000000001,0.13466666666666666,0.0008333333333333334,0.060000000000000005
taco,0.0,0.07307692307692308,0.05490909090909091,0.06333333333333334,0.0,0.16777777777777778,0.149,0.10714285714285714,0.1075,0.09833333333333333,0.06428571428571428,0.11130434782608696,0.0,0.09375,0.040999999999999995,0.0824,0.048723404255319146,0.1338,0.08153846153846153,0.13090909090909092,0.15782608695652173,0.125,0.11756410256410256,0.06888888888888889,0.16666666666666669,0.060588235294117644,0.0,0.0,0.036000000000000004,0.08916666666666666,0.10636363636363635
tailgating,0.0,0.09923076923076923,0.08472727272727273,0.11333333333333333,0.0,0.0,0.17250000000000001,0.0,0.0,0.06888888888888889,0.0,0.0,0.0,0.0,0.0,0.0,0.0,0.276,0.0,0.0,0.4782608695652174,0.0,0.12153846153846154,0.19111111111111112,0.0,0.0,0.0,0.0,0.0,0.0,0.0
tamarind,0.0,0.05692307692307692,0.22727272727272727,0.0,0.015636363636363636,0.09555555555555555,0.013600000000000001,0.18214285714285713,0.035,0.15555555555555556,0.21904761904761905,0.0,0.0,0.12125,0.0,0.0904,0.13361702127659575,0.055999999999999994,0.11692307692307692,0.023636363636363636,0.01217391304347826,0.3566666666666667,0.007692307692307692,0.0,0.0,0.03882352941176471,0.03888888888888889,0.0,0.006666666666666667,0.02333333333333333,0.009090909090909092
tangerine,0.0,0.0,0.04945454545454545,0.0,0.0,0.0,0.0,0.0,0.0,0.0,0.0,0.0,0.0,0.0,0.0,0.0,0.0,0.0,0.0,0.0,0.00608695652173913,0.0,0.0,0.0,0.0,0.0,0.0,0.0,0.0,0.0,0.0
tapioca,0.0,0.0,0.3029090909090909,0.0,0.0,0.0,0.0,0.0,0.0,0.0,0.0,0.0,0.0,0.0,0.0,0.0,0.0,0.0,0.0,0.0,0.0,0.0,0.0,0.0,0.0,0.0,0.0,0.0,0.0,0.0,0.0
tarragon,0.0,0.0,0.0,0.0,0.0,0.0,0.0,0.0,0.0,0.0,0.0,0.0,0.0,0.0,0.0,0.0,0.0,0.0,0.0,0.0,0.0,0.0,0.0,0.0,0.0,0.0,0.0,0.0,0.0,0.0,0.0
thyme,0.0,0.0,0.0,0.0,0.0,0.0,0.0,0.0,0.0,0.0,0.0,0.0,0.0,0.0,0.0,0.0,0.0,0.0,0.0,0.0,0.0,0.0,0.0,0.0,0.0,0.0,0.0,0.0,0.0,0.0,0.0
tilapia,0.0,0.013846153846153847,0.006509090909090909,0.15,0.0,0.0,0.067,0.0,0.0,0.035555555555555556,0.0,0.0,0.0,0.0,0.0,0.0,0.0,0.376,0.0,0.0,0.19391304347826088,0.0,0.04576923076923077,0.0,0.0,0.0,0.012222222222222223,0.0,0.0,0.0,0.0
tomatillo,0.0,0.005384615384615384,0.021236363636363637,0.0,0.013818181818181818,0.08777777777777777,0.0069500000000000004,0.06785714285714285,0.0175,0.034444444444444444,0.047619047619047616,0.06652173913043478,0.0,0.115625,0.03,0.0312,0.05702127659574468,0.0192,0.026923076923076925,0.00909090909090909,0.0004347826086956522,0.03666666666666667,0.013076923076923078,0.12666666666666668,0.0,0.03294117647058824,0.13,0.0,0.025333333333333333,0.08416666666666667,0.02
tortillas,0.0,0.11,0.1429090909090909,0.0,0.0,0.0,0.0,0.1285714285714286,0.0,0.07166666666666667,0.0,0.0,0.0,0.0,0.0,0.0,0.0,0.07139999999999999,0.0,0.0,0.0,0.0,0.02294871794871795,0.0,0.0,0.0,0.0,0.0,0.0,0.0,0.0
tree nut,0.0,0.006153846153846154,0.03927272727272728,0.0,0.0,0.22444444444444445,0.0,0.13214285714285715,0.0375,0.008888888888888889,0.011904761904761904,0.23434782608695656,0.0,0.21875,0.0126,0.0032,0.0010638297872340426,0.0058,0.23076923076923075,0.016363636363636365,0.10478260869565217,0.0,0.0008974358974358975,0.2222222222222222,0.0,0.10529411764705882,0.3333333333333333,0.0,0.0,0.0,0.028181818181818183
trout,0.0,0.03461538461538462,0.0,0.35,0.2109090909090909,0.09111111111111111,0.123,0.0,0.045,0.030555555555555558,0.10476190476190476,0.0,0.0,0.588125,0.0,0.3216,0.1427659574468085,0.71,0.11692307692307692,0.7636363636363637,0.2639130434782609,0.16,0.14102564102564102,0.0,2.8666666666666667,0.32,0.04555555555555555,1.415,0.2773333333333333,0.0016666666666666668,0.07272727272727274
tuna,0.0,0.02923076923076923,0.03781818181818182,0.016666666666666666,0.0,0.0,0.0235,0.03214285714285715,0.0,0.03777777777777778,0.0,0.0,0.0,0.0,0.0,0.0,0.0,0.11320000000000001,0.0,0.0,0.19260869565217392,0.0,0.04833333333333333,0.41888888888888887,0.0,0.0,0.06333333333333334,0.0,0.0,0.0,0.0
turkey,0.0,0.03230769230769231,0.024654545454545457,0.11333333333333333,0.0,0.0,0.020999999999999998,0.04642857142857143,0.0,0.06333333333333332,0.0,0.0,0.0,0.0,0.0,0.0,0.0,0.195,0.0,0.0,0.22652173913043477,0.0,0.016282051282051284,0.5888888888888889,0.0,0.0,0.0,0.0,0.0,0.0,0.0
turnip,0.0,0.0876923076923077,0.012327272727272728,0.0,0.0,0.056666666666666664,0.0016,0.08571428571428572,0.1025,0.09055555555555556,0.04285714285714286,0.09565217391304348,0.0,0.02425,0.0246,0.0192,0.017446808510638297,0.0492,0.06769230769230769,0.016363636363636365,0.00782608695652174,0.03666666666666667,0.002435897435897436,6.788888888888889,0.0,0.04352941176470588,0.2866666666666667,0.0,0.0,0.0,0.014545454545454545
vanilla,0.0,0.02923076923076923,0.2989090909090909,0.05,0.009636363636363636,0.0044444444444444444,0.16899999999999998,0.0,0.0025,0.0011111111111111111,0.007142857142857143,0.0,0.0,0.002375,0.0,0.024,0.010425531914893617,0.021,0.056923076923076917,0.030909090909090907,0.02043478260869565,0.011666666666666667,0.06987179487179487,0.0,0.03333333333333333,0.005294117647058823,0.0,0.0,0.009333333333333334,0.004166666666666667,0.013636363636363636
veal,0.0,0.006923076923076923,0.02370909090909091,0.22666666666666666,0.11781818181818181,0.1388888888888889,0.1955,0.014285714285714287,0.0525,0.059444444444444446,0.05,0.0,0.0,0.39625,0.0,0.1224,0.060851063829787236,0.33399999999999996,0.20076923076923078,0.18181818181818182,0.06260869565217392,0.07333333333333333,0.10974358974358975,0.0,0.275,0.1123529411764706,0.015555555555555555,0.0,0.043333333333333335,0.16333333333333336,0.16636363636363638
venison,0.0,0.005384615384615384,0.005745454545454546,0.26666666666666666,0.17181818181818181,0.22666666666666666,0.0875,0.0,0.02,0.19555555555555557,0.047619047619047616,0.0,0.0,0.32875,0.0,0.1504,0.049148936170212765,0.51,0.3638461538461538,0.22545454545454546,0.15,0.095,0.04525641025641025,0.0,0.8875,0.20117647058823532,0.0,0.0,0.03666666666666667,0.01,0.5490909090909091
vinegar,0.0,0.005384615384615384,0.003381818181818182,0.0,0.0,0.008888888888888889,0.0,0.0,0.0,0.011111111111111112,0.011904761904761904,0.0,0.0,0.0,0.0,0.0064,0.015531914893617021,0.0,0.0,0.0018181818181818182,0.002173913043478261,0.0,0.0,0.0,0.0,0.0,0.0,0.0,0.0,0.0,0.0036363636363636364
vodka,0.0,0.0,0.0,0.0,0.0,0.023333333333333334,0.0,0.0,0.0,0.0022222222222222222,0.0,0.0,0.0,0.0008125,0.0,0.0032,0.000425531914893617,0.0,0.003076923076923077,0.0,0.0004347826086956522,0.005,0.0,0.0,0.0,0.0005882352941176471,0.0,0.0,0.0,0.0,0.0036363636363636364
walnut,0.0,0.15923076923076923,0.1378181818181818,0.056666666666666664,0.0,0.0,0.605,0.24642857142857144,0.0,0.20666666666666667,0.0,0.0,0.0,0.0,0.0,0.0,0.0,0.20600000000000002,0.0,0.0,0.022608695652173914,0.0,0.4858974358974359,0.0,0.0,0.0,0.0,0.0,0.0,0.0,0.0
wasabi,0.0,0.031538461538461536,0.16763636363636364,0.0,0.0041818181818181815,0.06111111111111111,0.10149999999999999,0.21785714285714283,0.025,0.027777777777777776,0.05,0.059565217391304354,0.0,0.01,0.0,0.0208,0.03872340425531915,0.0446,0.05384615384615385,0.04,1.4739130434782608,0.04166666666666667,0.13974358974358975,0.0033333333333333335,0.0,0.029411764705882356,0.0,0.0,0.26066666666666666,0.029166666666666667,0.05545454545454545
watercress,0.0,0.09615384615384616,0.00490909090909091,0.006666666666666667,0.017454545454545455,0.08888888888888889,0.040150000000000005,0.017857142857142856,0.0175,0.011666666666666665,0.05238095238095238,0.0,0.0,0.012375,0.0,0.0504,0.07319148936170213,0.048,0.09153846153846153,0.016363636363636365,0.07565217391304348,0.07,0.03628205128205128,0.0,0.0,0.08529411764705883,0.3477777777777778,0.0,0.09066666666666667,2.191666666666667,0.010909090909090908
watermelon,0.0,0.0,0.027090909090909093,0.0,0.0,0.0,0.0,0.014285714285714287,0.0,0.0,0.0,0.0,0.0,0.0,0.0,0.0,0.0,0.015600000000000001,0.0,0.0,0.0,0.0,0.003205128205128205,0.0,0.0,0.0,0.0,0.0,0.0,0.0,0.0
white wine,0.0,0.006923076923076923,0.009454545454545455,0.0,0.007818181818181818,0.0044444444444444444,0.0,0.0,0.0025,0.015000000000000001,0.023809523809523808,0.0,0.0,0.00675,0.0,0.0144,0.015106382978723404,0.0014000000000000002,0.011538461538461537,0.0018181818181818182,0.002173913043478261,0.004166666666666667,0.0,0.0,0.0,0.029411764705882356,0.0,0.0,0.0,0.0033333333333333335,0.010909090909090908
whole wheat,0.0,0.11,0.06509090909090909,0.0,0.0,0.0,0.0,0.0,0.0,0.28555555555555556,0.0,0.0,0.0,0.0,0.0,0.0,0.0,0.28600000000000003,0.0,0.0,0.13826086956521738,0.0,0.0,0.0,0.0,0.0,0.0,0.0,0.0,0.0,0.0
wild rice,0.0,0.0,0.2829090909090909,0.0,0.0,0.0,0.0,0.15714285714285717,0.0,0.08888888888888889,0.0,0.0,0.0,0.416875,0.0,0.2664,0.05680851063829787,0.266,0.17461538461538462,0.0,0.0,0.0,0.014230769230769233,0.0,0.0,0.2611764705882353,0.0,0.0,0.0,0.0,0.30272727272727273
wine,0.0,0.0038461538461538464,0.01818181818181818,0.0,0.0,0.009999999999999998,0.0,0.0,0.0,0.005555555555555556,0.014285714285714285,0.0,0.0,0.0,0.0,0.0048,0.005319148936170213,0.01,0.0,0.025454545454545452,0.0008695652173913044,0.0,0.0,0.0,0.0,0.0,0.0,0.0,0.0,0.0,0.0018181818181818182
yellow squash,0.0,0.015384615384615385,0.014836363636363637,0.0,0.0,0.0,0.0,0.07142857142857142,0.0,0.020555555555555556,0.0,0.0,0.0,0.0,0.0,0.0,0.0,0.0204,0.0,0.0,0.0,0.0,0.0,0.34,0.0,0.0,0.20444444444444443,0.0,0.0,0.0,0.0
yogurt,0.0,0.09076923076923077,0.05781818181818182,0.04,0.0,0.0,0.088,0.0,0.0,0.0,0.0,0.0,0.0,0.0,0.0,0.0,0.0,0.0588,0.0,0.0,0.017826086956521738,0.0,0.03769230769230769,0.06555555555555556,0.0,0.0,0.0077777777777777776,0.0,0.0,0.0,0.0
zucchini,0.0,0.016153846153846154,0.01530909090909091,0.0,0.0,0.0,0.0,0.03928571428571429,0.0,0.024444444444444446,0.0,0.0,0.0,0.0,0.0,0.0,0.04723404255319149,0.021,0.0,0.0,0.0,0.0,0.0,0.0,0.0,0.0,0.13999999999999999,0.0,0.0,0.0,0.0
